family_size,region_name,income,col,housing,food,transport
1.0,Bangsamoro Autonomous Region in Muslim Mindanao,18253.5,12473.33,16620.0,48311.5,4000.0
1.0,Cordillera Administrative Region,24053.33,14338.5,27300.0,45777.0,2750.0
1.0,National Capital Region,41211.67,25945.68,63370.0,61945.75,7176.0
1.0,Region I - Ilocos Region,24693.33,14501.0,24530.0,45078.75,2950.0
1.0,Region II - Cagayan Valley,21117.0,13245.08,27140.0,39467.0,3000.0
1.0,Region III - Central Luzon,27688.5,18802.04,39075.0,54103.5,5460.0
1.0,Region IVA - CALABARZON,25778.33,17191.75,36460.0,46046.0,3510.0
1.0,Region IVB - MIMAROPA,16153.75,10853.67,17700.0,36971.5,2020.0
1.0,Region IX - Zamboanga Peninsula,15345.83,9857.5,14400.0,34984.0,2340.0
1.0,Region V- Bicol,15897.17,10766.53,19280.0,36282.5,1700.0
1.0,Region VI - Western Visayas,17244.67,12011.0,19500.0,41918.0,2600.0
1.0,Region VII - Central Visayas,21110.33,12682.58,25340.0,36139.0,3600.0
1.0,Region VIII - Eastern Visayas,16297.0,10726.1,17815.0,38700.5,1549.0
1.0,Region X - Northern Mindanao,19835.0,11474.17,19800.0,37703.0,3440.0
1.0,Region XI - Davao,17956.67,11236.35,18975.0,37069.5,2700.0
1.0,Region XII - SOCCSKSARGEN,17216.25,10891.83,17100.0,36280.0,3025.0
1.0,Region XIII - Caraga,15833.33,10563.5,17130.0,38295.0,2340.0
1.5,Bangsamoro Autonomous Region in Muslim Mindanao,23354.17,15403.44,18583.0,56917.75,4505.0
1.5,Cordillera Administrative Region,32379.33,19964.75,37269.0,57921.5,5187.5
1.5,National Capital Region,49073.33,30714.25,71610.0,77526.41,10569.0
1.5,Region I - Ilocos Region,34100.83,19241.33,32440.0,60453.0,7500.0
1.5,Region II - Cagayan Valley,25965.0,15608.5,33150.0,47408.0,4680.0
1.5,Region III - Central Luzon,33518.25,23232.17,46980.0,70640.5,9000.0
1.5,Region IVA - CALABARZON,40695.83,24093.33,48924.0,60010.0,6800.0
1.5,Region IVB - MIMAROPA,22805.0,15100.08,22870.0,48736.5,4927.0
1.5,Region IX - Zamboanga Peninsula,16375.83,11088.33,16110.0,42178.0,3600.0
1.5,Region V- Bicol,23205.83,15696.65,29334.5,49559.0,3919.0
1.5,Region VI - Western Visayas,25118.42,16386.25,25302.5,54161.0,4795.0
1.5,Region VII - Central Visayas,31400.0,18276.83,31390.0,53187.64,6578.0
1.5,Region VIII - Eastern Visayas,23472.5,14805.0,22564.0,51907.75,2912.0
1.5,Region X - Northern Mindanao,23946.67,15045.5,27716.0,48503.5,5310.0
1.5,Region XI - Davao,21790.67,12581.08,20060.0,39093.0,2900.0
1.5,Region XII - SOCCSKSARGEN,20161.0,12762.17,17300.0,46486.0,3430.0
1.5,Region XIII - Caraga,20688.33,14145.27,21766.0,51660.5,4809.0
2.0,Bangsamoro Autonomous Region in Muslim Mindanao,23410.83,16291.25,18145.0,65917.5,5267.5
2.0,Cordillera Administrative Region,34642.92,21813.42,36311.0,67502.5,6000.0
2.0,National Capital Region,53918.33,35178.08,78075.0,87746.5,12084.0
2.0,Region I - Ilocos Region,36632.67,21873.0,35670.0,68998.0,7970.0
2.0,Region II - Cagayan Valley,31180.0,19281.33,36080.0,59034.0,7102.0
2.0,Region III - Central Luzon,40434.58,27294.73,50895.0,78760.25,10390.0
2.0,Region IVA - CALABARZON,40885.0,27187.42,51960.0,73937.75,9217.0
2.0,Region IVB - MIMAROPA,26028.33,16929.17,27510.0,56410.0,6178.0
2.0,Region IX - Zamboanga Peninsula,25105.67,15728.92,23430.0,59690.25,5220.0
2.0,Region V- Bicol,24742.44,16598.38,27215.0,57201.75,3880.0
2.0,Region VI - Western Visayas,29587.0,19923.94,31050.0,66696.5,6660.0
2.0,Region VII - Central Visayas,34576.67,20137.08,36798.5,58424.0,7361.0
2.0,Region VIII - Eastern Visayas,25847.5,16808.58,26100.0,59006.67,4200.0
2.0,Region X - Northern Mindanao,27521.25,17151.38,28067.0,56387.0,6390.0
2.0,Region XI - Davao,25816.83,16002.17,25140.0,51948.0,5770.0
2.0,Region XII - SOCCSKSARGEN,26106.33,17084.83,24822.0,57061.0,7834.0
2.0,Region XIII - Caraga,24910.0,17203.92,24980.0,62870.0,5880.0
2.5,Bangsamoro Autonomous Region in Muslim Mindanao,24641.67,17048.33,18500.0,71972.0,5540.0
2.5,Cordillera Administrative Region,41560.0,23891.58,41436.0,75406.5,8395.0
2.5,National Capital Region,59393.33,37714.67,76644.0,100012.12,13964.0
2.5,Region I - Ilocos Region,42195.0,23870.0,36840.0,75232.0,8740.0
2.5,Region II - Cagayan Valley,37103.75,22800.25,36670.0,71617.0,10070.0
2.5,Region III - Central Luzon,43857.5,31140.25,54165.0,90631.85,11859.0
2.5,Region IVA - CALABARZON,45925.0,28773.33,52742.0,84328.0,10868.0
2.5,Region IVB - MIMAROPA,30912.88,20063.12,33070.0,66919.5,7420.0
2.5,Region IX - Zamboanga Peninsula,25476.5,16786.67,21645.0,63394.0,6200.0
2.5,Region V- Bicol,26630.42,18166.67,28310.0,62537.0,5950.0
2.5,Region VI - Western Visayas,35305.42,22809.42,32100.0,76560.75,8549.0
2.5,Region VII - Central Visayas,43742.0,24295.6,42387.5,71294.5,10258.0
2.5,Region VIII - Eastern Visayas,29593.58,18807.54,28744.0,67847.0,5597.0
2.5,Region X - Northern Mindanao,32823.92,19802.67,31810.0,63585.9,7970.0
2.5,Region XI - Davao,31462.67,17853.92,28775.0,59930.0,7210.0
2.5,Region XII - SOCCSKSARGEN,27749.92,18460.92,23985.0,66409.03,8625.0
2.5,Region XIII - Caraga,30258.75,20169.83,26921.0,72397.0,7280.0
3.0,Bangsamoro Autonomous Region in Muslim Mindanao,25583.33,18124.83,19850.0,76226.5,6179.0
3.0,Cordillera Administrative Region,41786.67,25054.33,39196.0,82891.5,8667.5
3.0,National Capital Region,61448.75,40692.17,81050.0,111544.5,15180.0
3.0,Region I - Ilocos Region,47707.83,27368.23,41434.0,88717.5,11902.0
3.0,Region II - Cagayan Valley,38639.0,23355.33,37950.0,76487.0,10360.0
3.0,Region III - Central Luzon,47493.33,32152.17,54240.0,100777.0,13500.0
3.0,Region IVA - CALABARZON,48196.17,32823.25,54105.0,98438.7,14045.0
3.0,Region IVB - MIMAROPA,31890.96,21049.92,29830.0,72056.73,8791.0
3.0,Region IX - Zamboanga Peninsula,29900.0,19652.25,25110.0,74026.5,7360.0
3.0,Region V- Bicol,30145.62,20311.67,30218.5,72251.75,7542.5
3.0,Region VI - Western Visayas,36886.0,24340.83,34025.0,83585.25,11052.0
3.0,Region VII - Central Visayas,39981.58,23562.0,38740.0,73552.0,10696.0
3.0,Region VIII - Eastern Visayas,31487.17,20840.73,28465.0,75843.12,7590.0
3.0,Region X - Northern Mindanao,33500.0,20373.67,30942.0,69014.75,9400.0
3.0,Region XI - Davao,31138.83,18853.5,27000.0,66338.0,8796.0
3.0,Region XII - SOCCSKSARGEN,30130.67,20151.28,25185.0,70656.0,9600.0
3.0,Region XIII - Caraga,29681.33,20395.33,25645.0,77313.5,8395.0
3.5,Bangsamoro Autonomous Region in Muslim Mindanao,26883.33,19915.5,21400.0,82184.0,6300.0
3.5,Cordillera Administrative Region,45165.0,26734.17,39050.0,90889.0,9890.0
3.5,National Capital Region,65900.83,42543.25,83910.0,119871.25,16236.0
3.5,Region I - Ilocos Region,49335.83,29740.67,41400.0,97716.0,12628.0
3.5,Region II - Cagayan Valley,42621.25,24699.58,40385.0,82325.0,11343.0
3.5,Region III - Central Luzon,52099.17,34660.83,60100.0,108085.0,14048.0
3.5,Region IVA - CALABARZON,51430.17,33081.25,54055.0,102009.5,13126.5
3.5,Region IVB - MIMAROPA,33850.83,22189.92,30300.0,78111.0,8460.0
3.5,Region IX - Zamboanga Peninsula,32081.75,21235.62,25980.0,77703.38,8231.5
3.5,Region V- Bicol,31564.27,20438.33,29590.0,74815.0,7020.0
3.5,Region VI - Western Visayas,43870.0,27730.33,40200.0,89733.5,12460.0
3.5,Region VII - Central Visayas,49039.17,28240.5,44952.0,88071.0,12210.0
3.5,Region VIII - Eastern Visayas,34113.33,22262.08,31741.0,81404.04,7906.5
3.5,Region X - Northern Mindanao,35703.0,21912.38,32504.0,74521.5,9540.0
3.5,Region XI - Davao,32094.0,19549.83,25380.0,70143.0,8160.0
3.5,Region XII - SOCCSKSARGEN,31811.67,21688.17,26520.0,76736.0,10298.0
3.5,Region XIII - Caraga,32839.33,22778.5,29600.0,83205.0,9600.0
4.0,Bangsamoro Autonomous Region in Muslim Mindanao,27516.67,19295.0,20160.0,81849.0,6760.0
4.0,Cordillera Administrative Region,46116.25,28418.67,41137.0,96691.5,10045.0
4.0,National Capital Region,66631.5,44854.67,84630.0,129001.5,17070.0
4.0,Region I - Ilocos Region,51401.25,30300.61,41100.0,105538.0,13258.0
4.0,Region II - Cagayan Valley,40251.67,24812.95,38000.0,84608.0,10760.0
4.0,Region III - Central Luzon,50584.67,34376.0,56520.0,111179.0,14080.0
4.0,Region IVA - CALABARZON,51766.67,35220.33,54780.0,111873.0,15380.0
4.0,Region IVB - MIMAROPA,33579.17,22028.5,29374.0,80885.0,10190.0
4.0,Region IX - Zamboanga Peninsula,32693.33,21541.17,25700.0,84020.5,9270.0
4.0,Region V- Bicol,32953.33,21875.5,29920.0,80667.0,8350.0
4.0,Region VI - Western Visayas,39573.33,26203.96,35024.0,93452.25,11701.0
4.0,Region VII - Central Visayas,43692.5,25496.75,39196.0,84822.88,11760.0
4.0,Region VIII - Eastern Visayas,34327.0,22778.17,30408.5,86420.75,8459.5
4.0,Region X - Northern Mindanao,35704.75,22177.17,31097.0,76515.25,11290.0
4.0,Region XI - Davao,33519.17,20336.77,27021.0,73979.5,9427.0
4.0,Region XII - SOCCSKSARGEN,30968.0,21377.0,25518.0,80490.1,10555.0
4.0,Region XIII - Caraga,33073.33,22924.67,27960.0,87347.0,9920.0
4.5,Bangsamoro Autonomous Region in Muslim Mindanao,29707.17,20827.33,20490.0,85246.0,7010.0
4.5,Cordillera Administrative Region,50459.58,28209.92,39140.0,98380.25,10201.0
4.5,National Capital Region,71003.33,46786.19,85525.0,139806.0,17162.0
4.5,Region I - Ilocos Region,56753.33,33992.17,45610.0,116808.0,15200.0
4.5,Region II - Cagayan Valley,45279.17,26840.0,39700.0,89772.0,10934.0
4.5,Region III - Central Luzon,56810.0,38585.65,61665.0,124046.25,15960.0
4.5,Region IVA - CALABARZON,55710.0,37839.17,57180.0,119439.0,15798.0
4.5,Region IVB - MIMAROPA,36940.83,24992.67,31780.0,88916.0,9920.0
4.5,Region IX - Zamboanga Peninsula,33875.83,22355.33,24420.0,85309.0,9542.0
4.5,Region V- Bicol,34323.5,23483.67,32010.0,85809.0,8808.0
4.5,Region VI - Western Visayas,46759.17,29811.67,39934.0,103420.0,13840.0
4.5,Region VII - Central Visayas,55800.0,31788.5,49520.0,99234.5,12890.0
4.5,Region VIII - Eastern Visayas,36598.21,23313.92,30610.0,87122.5,8571.0
4.5,Region X - Northern Mindanao,39250.0,23798.0,34260.0,82270.0,10585.0
4.5,Region XI - Davao,37648.21,22236.25,29172.0,79575.0,9702.0
4.5,Region XII - SOCCSKSARGEN,34622.83,23517.17,29310.0,87291.0,11977.0
4.5,Region XIII - Caraga,35760.67,24275.17,28500.0,92291.0,9620.0
5.0,Bangsamoro Autonomous Region in Muslim Mindanao,30310.67,20938.17,21170.0,89228.0,6900.0
5.0,Cordillera Administrative Region,47701.67,28939.33,39280.0,104491.0,10000.0
5.0,National Capital Region,71395.33,48324.33,85110.0,144607.0,18800.0
5.0,Region I - Ilocos Region,52917.17,31177.0,40935.0,112148.5,14706.0
5.0,Region II - Cagayan Valley,45245.0,27446.08,40230.0,95427.5,12300.0
5.0,Region III - Central Luzon,54537.5,36897.83,58465.0,124110.0,15165.0
5.0,Region IVA - CALABARZON,53983.33,37698.83,56200.0,124007.05,16224.0
5.0,Region IVB - MIMAROPA,35043.58,23287.04,29419.0,87302.0,9850.0
5.0,Region IX - Zamboanga Peninsula,34190.0,22906.5,25200.0,90129.0,9010.0
5.0,Region V- Bicol,34421.67,22382.25,29036.0,86411.0,9100.0
5.0,Region VI - Western Visayas,41500.42,27981.84,34510.0,104762.0,12830.0
5.0,Region VII - Central Visayas,45933.33,27281.0,40560.0,95049.0,13000.0
5.0,Region VIII - Eastern Visayas,37091.67,23487.5,29590.0,91368.5,8915.0
5.0,Region X - Northern Mindanao,37306.67,23275.83,31590.0,84043.0,10910.0
5.0,Region XI - Davao,35750.83,21459.04,27400.0,81870.25,9390.0
5.0,Region XII - SOCCSKSARGEN,32729.92,22603.75,25512.0,85334.5,10323.0
5.0,Region XIII - Caraga,34400.0,24187.17,27360.0,94449.2,9864.0
5.5,Bangsamoro Autonomous Region in Muslim Mindanao,31104.17,21400.67,20610.0,90648.5,7392.5
5.5,Cordillera Administrative Region,55109.17,30797.5,42000.0,110531.0,10534.0
5.5,National Capital Region,76606.67,50190.42,89157.0,153368.6,19184.0
5.5,Region I - Ilocos Region,58198.42,33149.67,42045.0,119251.5,14450.0
5.5,Region II - Cagayan Valley,47739.0,27589.83,39690.0,101656.17,12000.0
5.5,Region III - Central Luzon,65128.33,42766.75,66674.0,133769.5,16960.0
5.5,Region IVA - CALABARZON,59675.0,40123.0,57810.0,133865.0,17732.0
5.5,Region IVB - MIMAROPA,38961.25,25800.88,31970.0,95838.5,10145.0
5.5,Region IX - Zamboanga Peninsula,35153.17,23084.25,25415.0,90947.0,9185.0
5.5,Region V- Bicol,37761.67,24385.71,34018.5,91056.0,9087.5
5.5,Region VI - Western Visayas,50485.83,32044.46,40460.0,114801.0,13510.0
5.5,Region VII - Central Visayas,55958.17,32367.83,49800.0,110311.0,13500.0
5.5,Region VIII - Eastern Visayas,40762.17,25880.79,31792.5,98457.62,9627.0
5.5,Region X - Northern Mindanao,43284.58,25735.83,33889.0,93117.34,11963.0
5.5,Region XI - Davao,40483.33,23116.67,28908.0,86463.75,9732.5
5.5,Region XII - SOCCSKSARGEN,34778.33,23942.83,26700.0,90028.5,10564.0
5.5,Region XIII - Caraga,39798.5,26571.67,32500.5,101301.12,11243.0
6.0,Bangsamoro Autonomous Region in Muslim Mindanao,32066.67,22300.0,21810.0,95833.0,7620.0
6.0,Cordillera Administrative Region,49690.83,30808.58,40814.0,110288.5,11025.0
6.0,National Capital Region,75200.0,51773.29,87510.0,160030.0,19400.0
6.0,Region I - Ilocos Region,60227.5,36070.33,45820.0,123239.0,15954.0
6.0,Region II - Cagayan Valley,47250.0,27102.17,40100.0,93177.0,11920.0
6.0,Region III - Central Luzon,59585.83,39692.75,59845.0,131430.5,15871.0
6.0,Region IVA - CALABARZON,59394.33,40615.0,55710.0,134333.0,18200.0
6.0,Region IVB - MIMAROPA,37059.33,24555.21,28877.5,96290.0,10345.0
6.0,Region IX - Zamboanga Peninsula,39113.33,25431.67,28750.0,104808.0,10320.0
6.0,Region V- Bicol,36503.5,24254.25,30205.0,93323.25,9480.0
6.0,Region VI - Western Visayas,46212.67,30311.33,36412.0,115485.0,13634.0
6.0,Region VII - Central Visayas,49555.67,29249.5,41520.0,101356.1,12750.0
6.0,Region VIII - Eastern Visayas,38298.33,25662.0,31080.0,100100.32,9716.0
6.0,Region X - Northern Mindanao,42135.83,25134.5,32740.0,93203.0,11660.0
6.0,Region XI - Davao,39801.17,23482.42,27720.0,89416.25,10250.0
6.0,Region XII - SOCCSKSARGEN,36753.42,24813.54,28195.0,93826.9,11930.0
6.0,Region XIII - Caraga,38327.5,25602.83,29640.0,101346.0,10920.0
6.5,Bangsamoro Autonomous Region in Muslim Mindanao,34603.33,23630.79,21923.0,101704.0,8365.0
6.5,Cordillera Administrative Region,58443.25,33360.08,40535.0,121454.5,11822.5
6.5,National Capital Region,85250.0,56413.0,91800.0,174735.6,20270.0
6.5,Region I - Ilocos Region,55570.08,33802.75,42165.0,117721.32,14035.0
6.5,Region II - Cagayan Valley,46513.33,28491.67,42600.0,107544.4,13340.0
6.5,Region III - Central Luzon,65840.83,42738.5,64560.0,142836.0,17260.0
6.5,Region IVA - CALABARZON,65573.83,44652.58,63900.0,142430.0,17300.0
6.5,Region IVB - MIMAROPA,41405.17,26240.33,31098.0,101749.0,10305.0
6.5,Region IX - Zamboanga Peninsula,38974.42,26002.04,27060.0,101820.25,10128.0
6.5,Region V- Bicol,39630.75,25650.5,32140.0,99797.0,8602.5
6.5,Region VI - Western Visayas,59074.25,36276.17,43671.0,128645.5,16549.0
6.5,Region VII - Central Visayas,59766.0,32586.08,46572.0,116632.5,12944.0
6.5,Region VIII - Eastern Visayas,41650.0,26982.0,31000.0,105801.0,9560.0
6.5,Region X - Northern Mindanao,45196.17,27854.67,40100.0,98930.0,11960.0
6.5,Region XI - Davao,39143.0,23162.83,27732.0,86902.0,9200.0
6.5,Region XII - SOCCSKSARGEN,42875.83,25901.33,32490.0,100698.0,12725.0
6.5,Region XIII - Caraga,39235.0,27786.5,31320.0,109309.0,9750.0
7.0,Bangsamoro Autonomous Region in Muslim Mindanao,33835.5,23316.5,21600.0,101336.5,7140.0
7.0,Cordillera Administrative Region,53970.83,32149.33,43110.0,121738.0,11340.0
7.0,National Capital Region,85719.33,57404.42,92053.5,186755.88,21030.0
7.0,Region I - Ilocos Region,67290.0,38950.33,46860.0,132291.0,17995.0
7.0,Region II - Cagayan Valley,50740.0,31382.75,41050.0,111446.5,12635.0
7.0,Region III - Central Luzon,63138.33,42010.83,60985.0,147362.0,16900.0
7.0,Region IVA - CALABARZON,65500.42,43265.42,57680.0,150149.75,19610.0
7.0,Region IVB - MIMAROPA,41180.0,26894.83,31440.0,103579.0,11700.0
7.0,Region IX - Zamboanga Peninsula,39820.83,26035.75,27339.5,104901.0,10221.0
7.0,Region V- Bicol,38832.08,25647.5,31147.0,99388.5,10220.0
7.0,Region VI - Western Visayas,47900.83,31495.0,36690.0,122306.0,13590.0
7.0,Region VII - Central Visayas,54226.75,31069.46,41355.0,110730.0,13890.0
7.0,Region VIII - Eastern Visayas,39785.21,26058.71,31416.0,104305.0,9610.0
7.0,Region X - Northern Mindanao,43317.17,25554.83,30680.0,99043.0,11400.0
7.0,Region XI - Davao,41589.17,25039.0,29870.0,96552.0,10520.0
7.0,Region XII - SOCCSKSARGEN,36881.42,24978.75,26645.0,97846.25,11468.0
7.0,Region XIII - Caraga,40144.17,26912.83,27870.0,111025.0,10600.0
7.5,Bangsamoro Autonomous Region in Muslim Mindanao,37683.17,26124.08,22300.0,117071.0,7260.0
7.5,Cordillera Administrative Region,58626.17,35275.08,40320.0,135008.08,10532.0
7.5,National Capital Region,98622.83,61173.39,95814.0,192526.0,23368.0
7.5,Region I - Ilocos Region,75790.0,41268.67,52785.0,142657.5,16960.0
7.5,Region II - Cagayan Valley,50099.0,30672.58,41070.0,108655.0,15055.0
7.5,Region III - Central Luzon,76284.0,48960.67,64000.0,171273.25,21830.0
7.5,Region IVA - CALABARZON,70877.33,43132.92,60465.0,159175.0,17685.0
7.5,Region IVB - MIMAROPA,41246.0,27312.83,29863.0,107539.0,10450.0
7.5,Region IX - Zamboanga Peninsula,36406.67,24520.83,23580.0,105934.0,9600.0
7.5,Region V- Bicol,41327.08,26822.17,35090.0,101781.25,9795.0
7.5,Region VI - Western Visayas,57688.33,35251.83,43280.0,134473.0,16412.0
7.5,Region VII - Central Visayas,60993.67,32327.58,42510.0,118495.0,15760.0
7.5,Region VIII - Eastern Visayas,41600.83,26900.17,30650.0,109145.0,10110.0
7.5,Region X - Northern Mindanao,43918.33,26923.17,30320.0,101068.0,12070.0
7.5,Region XI - Davao,49441.67,25555.83,29700.0,98023.0,11600.0
7.5,Region XII - SOCCSKSARGEN,37625.0,23496.5,23740.0,99496.0,9350.0
7.5,Region XIII - Caraga,43600.0,29482.33,30490.0,116265.0,12066.0
8.0,Bangsamoro Autonomous Region in Muslim Mindanao,36422.33,24649.17,22000.0,106886.0,7685.0
8.0,Cordillera Administrative Region,53505.33,33653.83,38000.0,135517.0,10080.0
8.0,National Capital Region,91371.5,62630.17,95290.0,204702.0,21400.0
8.0,Region I - Ilocos Region,74089.17,38238.0,49649.0,134495.0,15010.0
8.0,Region II - Cagayan Valley,54665.58,32301.08,41085.0,119409.5,14387.5
8.0,Region III - Central Luzon,74165.83,49147.08,67830.0,168946.0,19500.0
8.0,Region IVA - CALABARZON,63476.67,42286.67,58865.0,157769.25,16080.0
8.0,Region IVB - MIMAROPA,41060.83,27472.0,30520.0,113531.0,9910.0
8.0,Region IX - Zamboanga Peninsula,42338.75,27325.08,26490.0,113378.0,9396.0
8.0,Region V- Bicol,42652.5,27011.0,31020.0,109173.0,10400.0
8.0,Region VI - Western Visayas,60666.92,36274.92,40720.0,142624.0,14124.0
8.0,Region VII - Central Visayas,56869.42,31840.33,43928.5,120906.0,13894.0
8.0,Region VIII - Eastern Visayas,43654.08,27334.58,34440.0,108749.0,10775.0
8.0,Region X - Northern Mindanao,47375.0,28431.67,32704.0,108289.5,12700.0
8.0,Region XI - Davao,43815.08,25693.42,27073.0,104591.38,10045.0
8.0,Region XII - SOCCSKSARGEN,38837.5,24640.5,25813.0,103345.5,12654.0
8.0,Region XIII - Caraga,44670.92,28485.75,28610.0,112903.75,11978.0
8.5,Bangsamoro Autonomous Region in Muslim Mindanao,39685.0,25055.08,23880.0,100842.0,6600.0
8.5,Cordillera Administrative Region,62641.25,37062.92,39636.0,141401.0,11686.0
8.5,National Capital Region,95828.33,65374.21,94870.0,210957.12,24518.0
8.5,Region I - Ilocos Region,85905.5,43629.44,61710.0,156653.5,13030.0
8.5,Region II - Cagayan Valley,58427.67,33638.62,41275.0,117343.05,13617.0
8.5,Region III - Central Luzon,87682.5,55132.42,72405.0,193858.82,20092.0
8.5,Region IVA - CALABARZON,71168.5,45238.75,63380.0,168793.0,18400.0
8.5,Region IVB - MIMAROPA,45482.92,28931.38,29825.0,120648.5,10280.0
8.5,Region IX - Zamboanga Peninsula,43265.0,29418.92,30060.0,125572.0,12015.0
8.5,Region V- Bicol,51593.75,31756.59,34215.0,122019.0,11506.0
8.5,Region VI - Western Visayas,69822.5,41044.0,46500.0,146040.5,17320.0
8.5,Region VII - Central Visayas,63069.83,34966.83,44484.0,129097.5,13680.0
8.5,Region VIII - Eastern Visayas,49553.33,31566.0,39840.0,125282.0,11560.0
8.5,Region X - Northern Mindanao,54021.67,32458.17,37928.0,125725.0,19040.0
8.5,Region XI - Davao,46503.33,27339.17,34880.0,104755.0,14446.0
8.5,Region XII - SOCCSKSARGEN,45068.92,28813.62,30810.0,116293.5,12547.0
8.5,Region XIII - Caraga,46140.08,32585.67,31630.0,129938.98,13420.0
9.0,Bangsamoro Autonomous Region in Muslim Mindanao,36583.0,26002.33,22590.0,113394.0,7200.0
9.0,Cordillera Administrative Region,62926.67,40112.5,51230.0,148007.0,11160.0
9.0,National Capital Region,101162.0,67105.58,99735.0,222354.75,26069.0
9.0,Region I - Ilocos Region,86933.67,42307.58,43630.0,166493.5,20465.0
9.0,Region II - Cagayan Valley,58895.67,35690.17,44485.0,124855.0,12850.0
9.0,Region III - Central Luzon,86995.0,55311.83,76470.0,192883.0,23400.0
9.0,Region IVA - CALABARZON,76950.0,47443.67,66000.0,174157.0,18200.0
9.0,Region IVB - MIMAROPA,44703.58,29718.67,33120.0,117505.0,11592.0
9.0,Region IX - Zamboanga Peninsula,45803.33,30293.83,30600.0,123993.0,10400.0
9.0,Region V- Bicol,46916.75,30209.5,29017.0,121914.85,12324.5
9.0,Region VI - Western Visayas,60370.0,38786.83,39548.0,144545.0,18730.0
9.0,Region VII - Central Visayas,66053.58,37897.67,44428.0,142842.0,15649.0
9.0,Region VIII - Eastern Visayas,46032.5,32001.17,34892.0,124523.0,10499.0
9.0,Region X - Northern Mindanao,48599.17,30888.21,30307.0,115945.0,10110.0
9.0,Region XI - Davao,54207.5,28010.5,28100.0,116041.0,9540.0
9.0,Region XII - SOCCSKSARGEN,35998.5,26860.92,19850.0,106577.0,13910.0
9.0,Region XIII - Caraga,49603.33,31766.5,27050.0,126040.0,10680.0
9.5,Bangsamoro Autonomous Region in Muslim Mindanao,38031.92,27166.4,23390.0,125988.88,7440.0
9.5,Cordillera Administrative Region,65367.5,40653.17,39300.0,139616.5,14105.0
9.5,National Capital Region,104561.17,67347.17,102980.0,232391.0,27020.0
9.5,Region I - Ilocos Region,100592.5,56604.0,52580.0,189050.25,22880.0
9.5,Region II - Cagayan Valley,57443.33,33605.25,35682.0,146812.0,15100.0
9.5,Region III - Central Luzon,66076.08,41388.5,57349.0,155917.5,16000.0
9.5,Region IVA - CALABARZON,96118.67,59442.83,67620.0,232124.5,23545.0
9.5,Region IVB - MIMAROPA,41795.83,28975.0,29410.0,117300.0,7840.0
9.5,Region IX - Zamboanga Peninsula,49922.08,28917.83,26790.0,129038.5,12275.5
9.5,Region V- Bicol,43923.5,28795.5,31398.0,119093.0,11080.0
9.5,Region VI - Western Visayas,77255.33,48480.0,64400.0,184701.0,30320.0
9.5,Region VII - Central Visayas,71229.17,33482.38,44689.5,119760.0,17810.0
9.5,Region VIII - Eastern Visayas,59862.83,35508.21,47340.0,135327.5,12791.0
9.5,Region X - Northern Mindanao,64990.75,40728.67,48350.0,144873.25,12660.0
9.5,Region XI - Davao,47750.83,25832.17,27840.0,108265.0,10980.0
9.5,Region XII - SOCCSKSARGEN,44840.25,28447.56,31613.0,119491.85,11936.0
9.5,Region XIII - Caraga,60230.0,35138.04,43482.0,134536.75,16290.0
10.0,Bangsamoro Autonomous Region in Muslim Mindanao,44090.0,30379.92,22400.0,139780.0,7400.0
10.0,Cordillera Administrative Region,72621.83,38919.08,37710.0,154373.0,11920.0
10.0,National Capital Region,120800.0,77996.17,106000.0,247014.0,29600.0
10.0,Region I - Ilocos Region,93155.67,60626.08,60681.0,206652.5,23135.0
10.0,Region II - Cagayan Valley,48817.92,29047.79,39427.0,111076.25,18970.0
10.0,Region III - Central Luzon,84926.67,55294.17,72090.0,195286.0,22060.0
10.0,Region IVA - CALABARZON,83443.5,51560.92,58925.0,198436.5,24176.0
10.0,Region IVB - MIMAROPA,46630.0,28906.67,28902.0,119659.0,13328.0
10.0,Region IX - Zamboanga Peninsula,48643.83,31404.25,27005.0,138456.25,12465.0
10.0,Region V- Bicol,49783.33,29771.83,33860.0,122805.45,13860.0
10.0,Region VI - Western Visayas,72910.67,47028.5,44048.0,162001.5,25305.0
10.0,Region VII - Central Visayas,101854.67,49190.33,57416.0,178428.5,17496.0
10.0,Region VIII - Eastern Visayas,54308.83,33336.12,30704.0,143863.25,10792.0
10.0,Region X - Northern Mindanao,60897.67,34310.5,38240.0,125693.0,10150.0
10.0,Region XI - Davao,61405.83,29572.17,33640.0,124870.75,13250.0
10.0,Region XII - SOCCSKSARGEN,50732.08,29051.83,28440.0,115789.0,17625.0
10.0,Region XIII - Caraga,47224.83,29432.42,34714.0,122488.6,12116.0
10.5,Bangsamoro Autonomous Region in Muslim Mindanao,34280.83,25001.0,22598.0,110698.52,9415.0
10.5,Cordillera Administrative Region,63116.25,36086.92,29363.0,136044.5,11335.0
10.5,National Capital Region,125340.0,89039.12,99250.0,289165.0,27170.0
10.5,Region I - Ilocos Region,92756.08,62333.17,71765.0,265519.0,27800.0
10.5,Region II - Cagayan Valley,67037.0,35241.17,45720.0,132377.0,17700.0
10.5,Region III - Central Luzon,111868.33,57602.97,84250.0,211281.0,24066.0
10.5,Region IVA - CALABARZON,67113.42,51306.42,53020.0,196917.0,19680.0
10.5,Region IVB - MIMAROPA,50116.67,28007.33,27300.0,112234.0,8342.0
10.5,Region IX - Zamboanga Peninsula,46355.33,33803.83,32674.0,145770.5,12090.0
10.5,Region V- Bicol,35956.17,22491.74,24095.0,101775.75,10822.0
10.5,Region VI - Western Visayas,68096.67,34818.58,45035.0,131042.75,13349.0
10.5,Region VII - Central Visayas,90017.67,46366.58,47241.0,167612.0,23735.0
10.5,Region VIII - Eastern Visayas,48257.22,32581.81,37551.0,140235.5,10613.0
10.5,Region X - Northern Mindanao,62154.0,34666.33,42300.0,129050.0,14060.0
10.5,Region XI - Davao,132483.42,68979.04,48585.0,210179.25,106451.0
10.5,Region XII - SOCCSKSARGEN,59031.5,31266.33,42000.0,125424.0,11466.0
10.5,Region XIII - Caraga,77103.33,42521.17,42680.0,151320.0,15600.0
11.0,Bangsamoro Autonomous Region in Muslim Mindanao,40794.33,27989.67,22280.0,124848.0,8300.0
11.0,Cordillera Administrative Region,64660.5,38124.17,45740.0,147972.0,13600.0
11.0,National Capital Region,148535.33,86971.04,114435.0,263024.0,40195.0
11.0,Region I - Ilocos Region,76881.17,52216.5,55350.0,205893.0,30386.0
11.0,Region II - Cagayan Valley,58294.83,41786.59,40776.0,161204.9,26040.0
11.0,Region III - Central Luzon,76775.0,46136.0,70200.0,171784.0,18512.0
11.0,Region IVA - CALABARZON,89980.67,60834.25,65319.0,224513.25,22614.0
11.0,Region IVB - MIMAROPA,55579.17,40107.42,25099.0,144590.0,13658.0
11.0,Region IX - Zamboanga Peninsula,53205.0,34846.0,30950.0,143679.0,11500.0
11.0,Region V- Bicol,68326.17,35578.37,38865.0,149454.75,10275.0
11.0,Region VI - Western Visayas,98653.33,51384.25,63420.0,199089.0,31880.0
11.0,Region VII - Central Visayas,84893.17,48627.0,53456.0,180597.0,18165.0
11.0,Region VIII - Eastern Visayas,60800.0,39365.5,33430.0,153010.0,13176.0
11.0,Region X - Northern Mindanao,49815.0,26173.67,22700.0,102068.0,9150.0
11.0,Region XI - Davao,48714.17,30214.0,25050.0,135236.0,15606.0
11.0,Region XII - SOCCSKSARGEN,45545.25,36752.08,37903.5,162296.5,19620.0
11.0,Region XIII - Caraga,56080.0,34423.0,37800.0,146063.0,12568.0
11.5,Bangsamoro Autonomous Region in Muslim Mindanao,47841.5,31376.08,28522.0,137031.5,13210.0
11.5,Cordillera Administrative Region,83337.5,38579.25,33105.0,139497.5,29213.0
11.5,National Capital Region,155107.75,96542.17,137668.0,308386.5,35150.0
11.5,Region I - Ilocos Region,95904.17,56114.33,58760.0,153536.0,19000.0
11.5,Region II - Cagayan Valley,61029.0,34814.25,38990.0,130698.5,18300.0
11.5,Region III - Central Luzon,86105.83,47432.0,46400.0,164768.75,28400.0
11.5,Region IVA - CALABARZON,96796.67,60032.5,76836.0,231936.0,18876.0
11.5,Region IVB - MIMAROPA,73349.88,39524.47,36440.0,162376.75,14381.5
11.5,Region IX - Zamboanga Peninsula,73100.0,40774.25,43395.0,171702.0,12150.0
11.5,Region V- Bicol,82840.0,42827.67,39600.0,179798.0,17836.0
11.5,Region VI - Western Visayas,69025.83,45109.69,46334.0,181437.65,16918.0
11.5,Region VII - Central Visayas,85688.17,40729.58,55861.0,134040.0,12170.0
11.5,Region VIII - Eastern Visayas,42438.0,28647.83,25950.0,131210.0,9700.0
11.5,Region X - Northern Mindanao,59194.58,35719.41,41490.0,135335.0,10470.0
11.5,Region XI - Davao,106956.0,47626.42,67133.0,155846.5,32630.0
11.5,Region XII - SOCCSKSARGEN,59570.0,37102.75,28112.0,173058.5,13440.0
11.5,Region XIII - Caraga,54418.08,34545.33,30739.0,153892.89,14824.5
12.0,Bangsamoro Autonomous Region in Muslim Mindanao,49423.33,30323.0,22277.5,137960.0,9738.0
12.0,Cordillera Administrative Region,80219.17,42397.67,48151.0,166899.7,21186.0
12.0,National Capital Region,117239.5,81243.08,116906.0,270414.5,28700.0
12.0,Region I - Ilocos Region,185440.83,72050.67,81900.0,241656.0,27570.0
12.0,Region II - Cagayan Valley,152603.33,53698.17,60520.0,244229.0,18260.0
12.0,Region III - Central Luzon,120947.5,85302.67,120925.0,271991.75,30166.0
12.0,Region IVA - CALABARZON,114890.0,73977.17,83540.0,255644.0,20880.0
12.0,Region IVB - MIMAROPA,76671.67,40528.5,62200.0,200096.0,14330.0
12.0,Region IX - Zamboanga Peninsula,47010.0,32315.83,33900.0,144026.0,15815.0
12.0,Region V- Bicol,82609.08,39121.33,53319.0,132153.5,17750.0
12.0,Region VI - Western Visayas,102116.67,70729.67,51300.0,294888.0,12200.0
12.0,Region VII - Central Visayas,87725.0,47392.83,47490.0,168427.0,21540.0
12.0,Region VIII - Eastern Visayas,76990.0,43669.83,39024.0,142685.5,12960.0
12.0,Region X - Northern Mindanao,68521.83,40724.5,35155.0,167163.0,24426.0
12.0,Region XI - Davao,66653.83,35641.55,28300.0,134184.3,10144.0
12.0,Region XII - SOCCSKSARGEN,46253.92,34485.25,28342.0,160766.0,15519.5
12.0,Region XIII - Caraga,77582.0,38160.83,31108.0,138337.25,26312.0
12.5,Bangsamoro Autonomous Region in Muslim Mindanao,42124.17,23424.0,28620.0,102545.0,5565.0
12.5,Cordillera Administrative Region,103515.0,53746.33,47268.0,238272.0,20020.0
12.5,National Capital Region,145056.67,82235.26,130500.0,288899.5,33168.0
12.5,Region I - Ilocos Region,156288.33,96716.5,63669.0,387646.0,44260.0
12.5,Region II - Cagayan Valley,114006.67,63496.75,94100.0,245466.5,18774.0
12.5,Region III - Central Luzon,106947.42,60963.96,68581.0,210221.25,23674.0
12.5,Region IVA - CALABARZON,57576.67,31912.67,41560.0,117886.0,20140.0
12.5,Region IVB - MIMAROPA,59163.33,27070.33,15120.0,113052.0,9500.0
12.5,Region IX - Zamboanga Peninsula,65928.08,41343.17,45684.0,154284.5,9657.0
12.5,Region V- Bicol,68658.33,41552.0,51200.0,168325.0,19970.0
12.5,Region VI - Western Visayas,96949.58,64384.17,82180.0,192488.75,37734.0
12.5,Region VII - Central Visayas,106913.83,65026.83,95942.0,206685.0,25784.0
12.5,Region VIII - Eastern Visayas,71583.33,38627.5,46470.0,169315.0,11804.0
12.5,Region X - Northern Mindanao,59631.67,31402.17,44440.0,127919.5,7834.0
12.5,Region XI - Davao,116306.67,40480.67,76890.0,123571.5,13777.0
12.5,Region XII - SOCCSKSARGEN,58535.42,34334.58,26009.0,160996.5,11189.5
12.5,Region XIII - Caraga,139857.33,74958.17,118700.0,242324.0,25627.0
13.0,Bangsamoro Autonomous Region in Muslim Mindanao,40460.0,23715.17,22350.0,117943.0,7715.0
13.0,Cordillera Administrative Region,108175.17,54618.17,57710.0,244763.0,13200.0
13.0,National Capital Region,100370.0,84131.67,112770.0,292622.66,30816.0
13.0,Region I - Ilocos Region,172711.67,92845.42,167457.0,283434.5,49140.0
13.0,Region II - Cagayan Valley,54432.33,36281.0,21174.0,175647.0,9350.0
13.0,Region III - Central Luzon,92832.33,64808.67,112065.0,234092.5,20962.0
13.0,Region IVA - CALABARZON,266108.08,139803.67,108420.0,530876.75,95375.0
13.0,Region IVB - MIMAROPA,76292.5,52616.92,40080.0,201791.5,13980.0
13.0,Region IX - Zamboanga Peninsula,98500.0,56455.08,63355.0,190040.0,41630.0
13.0,Region V- Bicol,48673.33,42569.67,28800.0,196773.0,12400.0
13.0,Region VI - Western Visayas,114998.33,68278.83,69770.0,248374.5,38400.0
13.0,Region VII - Central Visayas,162468.17,75752.0,98772.0,252611.0,45505.0
13.0,Region VIII - Eastern Visayas,113722.67,40626.49,28170.0,190768.0,12780.0
13.0,Region X - Northern Mindanao,79740.08,33740.5,47377.0,107422.5,29582.0
13.0,Region XI - Davao,426097.75,98003.06,95090.0,281818.35,72855.0
13.0,Region XII - SOCCSKSARGEN,56823.5,36566.67,42400.0,126120.0,23124.0
13.5,Bangsamoro Autonomous Region in Muslim Mindanao,78939.17,58669.92,74020.0,189153.5,23260.0
13.5,National Capital Region,156805.83,96373.83,165600.0,312569.0,48168.0
13.5,Region I - Ilocos Region,171766.67,109299.33,95190.0,413438.0,79660.0
13.5,Region II - Cagayan Valley,85690.83,47904.83,34300.0,222139.0,11410.0
13.5,Region IVA - CALABARZON,108502.33,74750.42,81345.0,286607.5,63254.0
13.5,Region IVB - MIMAROPA,127600.67,70798.17,79277.0,251043.5,53517.0
13.5,Region V- Bicol,66622.67,45216.33,56930.0,178668.0,16300.0
13.5,Region VI - Western Visayas,185246.67,85431.0,79930.0,301764.0,35600.0
13.5,Region VII - Central Visayas,80198.67,33487.17,50940.0,105818.0,34410.0
13.5,Region VIII - Eastern Visayas,109481.08,51983.17,44072.0,217955.0,19332.0
13.5,Region X - Northern Mindanao,71223.33,46633.54,63507.5,151843.75,13420.0
13.5,Region XI - Davao,205379.08,77318.58,142905.0,222242.5,60530.0
13.5,Region XII - SOCCSKSARGEN,70913.58,33896.0,30938.0,128397.0,22583.0
14.0,Bangsamoro Autonomous Region in Muslim Mindanao,69076.5,54023.72,25900.0,250227.0,8180.0
14.0,Cordillera Administrative Region,119994.08,44200.25,38800.0,157562.0,49547.0
14.0,National Capital Region,146678.25,108162.17,108285.0,448814.55,22930.0
14.0,Region III - Central Luzon,194854.17,109698.5,153150.0,385387.0,42079.0
14.0,Region IVA - CALABARZON,99620.0,65186.42,99085.0,228896.0,44122.0
14.0,Region IX - Zamboanga Peninsula,74366.67,47426.83,87060.0,156271.0,22260.0
14.0,Region VII - Central Visayas,96236.67,68815.0,41360.0,248115.0,16432.0
14.0,Region VIII - Eastern Visayas,83040.0,42183.0,52483.0,166050.5,20685.0
14.0,Region XI - Davao,48353.33,19051.42,13400.0,94728.5,5040.0
14.0,Region XII - SOCCSKSARGEN,43923.5,30348.67,18300.0,146987.0,13055.0
14.0,Region XIII - Caraga,99066.67,36729.33,32080.0,165612.2,15090.0
14.5,Bangsamoro Autonomous Region in Muslim Mindanao,64766.67,36244.17,32964.0,163709.0,11820.0
14.5,National Capital Region,209506.67,122063.33,170160.0,379700.0,65868.0
14.5,Region II - Cagayan Valley,55436.67,39132.01,43720.0,187252.06,2400.0
14.5,Region IVA - CALABARZON,85351.83,56525.75,46086.0,205506.5,65908.0
14.5,Region IVB - MIMAROPA,51707.92,30961.71,28980.0,118996.25,6800.0
14.5,Region IX - Zamboanga Peninsula,92536.5,67448.01,66465.0,244378.05,47695.0
14.5,Region VI - Western Visayas,60133.33,50123.5,67230.0,175621.0,33800.0
14.5,Region VII - Central Visayas,32671.67,33599.5,34119.0,160066.0,5012.0
14.5,Region VIII - Eastern Visayas,81292.92,45506.0,43275.0,175761.5,17289.5
14.5,Region X - Northern Mindanao,91260.83,64511.58,61170.0,241799.5,35085.0
14.5,Region XI - Davao,74026.67,56462.0,81972.0,213275.0,14980.0
14.5,Region XII - SOCCSKSARGEN,153952.0,48482.79,24920.0,211070.75,39830.0
14.5,Region XIII - Caraga,58433.33,44558.0,51765.0,160928.0,37200.0
15.0,Bangsamoro Autonomous Region in Muslim Mindanao,68329.42,39327.71,31507.5,174294.25,10790.0
15.0,Cordillera Administrative Region,82093.33,40602.83,53536.0,168132.0,13430.0
15.0,National Capital Region,122097.67,76752.58,89430.0,318420.0,15238.0
15.0,Region IX - Zamboanga Peninsula,203163.33,73037.67,100630.0,210856.0,39560.0
15.0,Region VI - Western Visayas,197924.67,125776.5,251484.0,340621.0,64200.0
15.0,Region VII - Central Visayas,197110.0,67056.58,82990.0,251272.5,41840.0
15.0,Region VIII - Eastern Visayas,80555.42,49453.0,49356.5,191035.5,32120.0
15.0,Region X - Northern Mindanao,94758.33,56803.5,80364.0,208297.0,29178.0
15.0,Region XI - Davao,73673.67,45177.17,79520.0,177283.0,8290.0
15.0,Region XII - SOCCSKSARGEN,89115.0,54793.0,28380.0,291258.0,5720.0
15.0,Region XIII - Caraga,44418.33,32739.0,29980.0,143140.0,19924.0
15.5,Region II - Cagayan Valley,115424.33,67725.83,61400.0,320741.0,9900.0
15.5,Region III - Central Luzon,111474.58,51658.56,84265.0,191147.38,17690.0
15.5,Region IVA - CALABARZON,82334.17,44082.17,57152.0,193981.0,7600.0
15.5,Region V- Bicol,82408.33,43118.17,35700.0,217619.0,6710.0
15.5,Region VII - Central Visayas,63723.67,30181.67,53980.0,96071.0,15900.0
15.5,Region X - Northern Mindanao,82830.67,56213.67,54600.0,229802.0,39510.0
15.5,Region XII - SOCCSKSARGEN,85067.25,43244.08,31980.0,183281.0,18255.0
16.0,Bangsamoro Autonomous Region in Muslim Mindanao,49853.33,31795.83,37880.0,144591.0,8450.0
16.0,National Capital Region,240383.17,138755.5,188700.0,428067.0,103500.0
16.0,Region VI - Western Visayas,124310.67,78298.09,58725.0,326500.06,22679.0
16.0,Region X - Northern Mindanao,80199.33,62625.0,81900.0,237009.0,16327.0
16.0,Region XIII - Caraga,191772.67,70512.12,109976.5,235683.75,21375.0
16.5,Bangsamoro Autonomous Region in Muslim Mindanao,44916.67,28625.67,27216.0,137738.0,3300.0
16.5,Region IVA - CALABARZON,65115.17,55722.67,44300.0,276108.0,13348.0
16.5,Region IX - Zamboanga Peninsula,56900.0,26375.5,24150.0,114723.0,7800.0
16.5,Region VIII - Eastern Visayas,65834.17,38058.42,33080.0,179290.5,10785.0
16.5,Region XIII - Caraga,98514.17,47991.08,49230.5,193234.5,23569.0
17.0,Region I - Ilocos Region,91097.5,54756.33,49910.0,239033.0,11900.0
17.0,Region V- Bicol,100179.17,39729.5,52500.0,151947.0,12300.0
17.0,Region X - Northern Mindanao,85083.08,58581.92,40750.0,222224.5,29760.0
17.5,Bangsamoro Autonomous Region in Muslim Mindanao,83951.67,40632.67,36180.0,193012.0,9420.0
17.5,Region III - Central Luzon,178228.33,91188.17,99280.0,300653.0,50000.0
17.5,Region IX - Zamboanga Peninsula,125380.0,66057.0,32580.0,268731.0,16975.0
17.5,Region V- Bicol,101767.67,63875.67,72850.0,250834.0,20720.0
18.0,Region III - Central Luzon,380000.0,170556.33,144600.0,689738.0,67200.0
18.0,Region IX - Zamboanga Peninsula,87279.17,51389.83,72990.0,143514.0,30600.0
18.0,Region V- Bicol,73346.17,48430.83,37220.0,217865.0,10330.0
18.0,Region VII - Central Visayas,177603.33,62531.83,99600.0,203191.0,23860.0
18.5,Region VII - Central Visayas,99677.83,41437.17,40052.0,187257.0,11702.0
19.5,Region I - Ilocos Region,308667.5,127927.17,173470.0,337786.0,138480.0
19.5,Region IVA - CALABARZON,168472.67,129979.0,84636.0,582741.0,59550.0
19.5,Region XIII - Caraga,145988.33,62808.67,22900.0,255892.0,37540.0
20.5,Region VI - Western Visayas,280202.33,163955.25,237300.0,532121.5,50172.0
23.5,Bangsamoro Autonomous Region in Muslim Mindanao,63223.33,23006.5,15690.0,106708.0,11200.0
