family_size,region_name,region,monthly_mean,monthly_median,monthly_q1,monthly_q3,monthly_income_mean,monthly_income_median,monthly_income_q1,monthly_income_q3,col_index,income_index,col_index_custom,income_index_custom
1.0,Bangsamoro Autonomous Region in Muslim Mindanao,19,14108.84,12473.33,9916.21,16478.38,23111.34,18253.5,14632.75,25275.0,0.01627784097743587,0.007078895699379813,0.505308352463363,0.5090008746252144
1.0,Cordillera Administrative Region,14,17331.79,14338.5,10559.33,21127.31,30124.19,24053.33,16362.75,34940.92,0.027884459395255093,0.021198927079878298,0.5111450586255432,0.5159832250134384
1.0,National Capital Region,13,33721.97,25945.68,19343.79,37456.11,59268.84,41211.67,30940.71,60776.42,0.10011385894968869,0.06297192719147851,0.5474675917091404,0.536639958393603
1.0,Region I - Ilocos Region,1,17636.59,14501.0,10202.79,20310.33,32890.38,24693.33,16687.5,35691.5,0.028895667753150417,0.02275704517704994,0.5116535724614693,0.5167537138464668
1.0,Region II - Cagayan Valley,2,15624.13,13245.08,9455.33,18464.66,27271.46,21117.0,14966.46,30253.75,0.021080302824855665,0.014050256904459511,0.5077234020195228,0.5124482102086159
1.0,Region III - Central Luzon,3,22134.1,18802.04,13266.0,27329.58,35856.69,27688.5,18268.17,42038.33,0.05566026834171725,0.03004896483502744,0.5251128853776017,0.5203595654683759
1.0,Region IVA - CALABARZON,4,20545.78,17191.75,12065.62,23732.21,33304.37,25778.33,17243.75,39181.04,0.04563972245473101,0.02539854226366125,0.5200737792554269,0.5180599331962104
1.0,Region IVB - MIMAROPA,17,13683.73,10853.67,7764.45,15604.5,23182.91,16153.75,11107.88,24124.58,0.006198987260828223,0.001966929332917061,0.5002399246510797,0.5064730091140401
1.0,Region IX - Zamboanga Peninsula,9,13208.99,9857.5,6898.5,15745.08,23365.85,15345.83,10349.92,24419.83,0.0,0.0,0.0,0.5055003632734458
1.0,Region V- Bicol,5,13519.43,10766.53,7695.5,15103.67,22636.27,15897.17,11130.5,23020.0,0.005656730668169782,0.0013422700495228368,0.4943066884176186,0.5061641153253239
1.0,Region VI - Western Visayas,6,15631.2,12011.0,8746.17,18752.08,25313.34,17244.67,12603.33,28283.33,0.013400844299862047,0.004622839011927199,0.5038615758371249,0.5077863554854892
1.0,Region VII - Central Visayas,7,16280.72,12682.58,8054.42,18890.58,28544.62,21110.33,13259.67,32471.5,0.017579966201371852,0.014034018392415554,0.5059631618182402,0.5124401802703091
1.0,Region VIII - Eastern Visayas,8,14071.72,10726.1,7835.22,16435.96,23000.45,16297.0,11595.96,25473.04,0.005405142028725413,0.0023156799851355575,0.47232191408374136,0.5066454661848704
1.0,Region X - Northern Mindanao,10,15036.47,11474.17,8251.38,16852.42,27148.09,19835.0,12525.58,30053.5,0.010060247482822374,0.010929151591062558,0.502181665175339,0.5109048247649558
1.0,Region XI - Davao,11,13476.33,11236.35,7822.73,15829.08,24690.28,17956.67,12568.54,26882.08,0.00858033627251674,0.0063562453950306505,0.5014374512648163,0.5086435243122334
1.0,Region XII - SOCCSKSARGEN,12,13281.65,10891.83,7690.46,15366.62,22127.65,17216.25,11143.33,24656.25,0.006436450097365362,0.0045536488301746725,0.5003593393463347,0.5077521409657476
1.0,Region XIII - Caraga,16,14172.98,10563.5,7859.83,15727.42,22319.62,15833.33,11130.0,24710.0,0.004393311388763699,0.0011868477693299656,0.38390429581294183,0.5060872590642292
1.5,Bangsamoro Autonomous Region in Muslim Mindanao,19,17258.67,15403.44,11987.42,21657.99,28996.44,23354.17,19406.88,32986.0,0.034511390033144615,0.019496780441099336,0.5144775923143501,0.5151415141189069
1.5,Cordillera Administrative Region,14,23090.31,19964.75,13540.79,29426.42,44005.06,32379.33,22208.54,49934.17,0.06289560415592324,0.04146906970027068,0.528751372283261,0.5260068031756179
1.5,National Capital Region,13,38022.38,30714.25,24317.02,42569.77,63903.6,49073.33,38675.83,70756.58,0.12978781488328198,0.08211160644118232,0.5623899536942607,0.5461045228296443
1.5,Region I - Ilocos Region,1,22580.78,19241.33,14356.32,28106.96,41364.76,34100.83,24703.17,49042.42,0.05839389123119318,0.045660163925709714,0.5264875625651954,0.5280792977475842
1.5,Region II - Cagayan Valley,2,18408.95,15608.5,12069.38,21097.08,33521.98,25965.0,18597.08,37665.83,0.03578744163849856,0.02585300149053473,0.5151192898355501,0.5182846631188064
1.5,Region III - Central Luzon,3,27531.28,23232.17,16364.28,33633.33,49068.3,33518.25,24006.17,51747.08,0.08322817284979611,0.044241838236568694,0.538976161684994,0.5273779362095441
1.5,Region IVA - CALABARZON,4,28322.59,24093.33,16812.21,35177.17,47523.52,40695.83,25758.0,57195.0,0.0885870170927816,0.06171608400515816,0.5416710033769699,0.5360189443941821
1.5,Region IVB - MIMAROPA,17,18388.42,15100.08,10759.94,21796.96,31892.37,22805.0,16731.67,34654.67,0.03262363515652231,0.01815979338574973,0.5135282830388637,0.5144803745057284
1.5,Region IX - Zamboanga Peninsula,9,14251.67,11088.33,8118.0,17319.33,23922.54,16375.83,12042.5,26833.33,0.007659234357835706,0.0025075963126356196,0.5009742499233161,0.506740368739101
1.5,Region V- Bicol,5,19427.88,15696.65,11396.08,24512.58,33622.29,23205.83,16265.83,42169.83,0.036335983280027614,0.019135637880889282,0.5153951390333155,0.5149629292540765
1.5,Region VI - Western Visayas,6,20665.28,16386.25,12290.46,23888.58,34080.01,25118.42,18234.96,37240.62,0.04062724040990218,0.023791952086310394,0.5175531152871902,0.5172654749371419
1.5,Region VII - Central Visayas,7,21754.79,18276.83,11647.58,25862.83,40869.11,31400.0,21631.0,44288.42,0.05239198070079293,0.03908483251885956,0.5234693373667295,0.5248277987555402
1.5,Region VIII - Eastern Visayas,8,17892.52,14805.0,11003.5,20559.5,31066.15,23472.5,16042.83,32387.17,0.030787405234997678,0.019784861869909215,0.5126048844991402,0.5152839702808011
1.5,Region X - Northern Mindanao,10,19355.35,15045.5,10884.0,21061.33,32614.39,23946.67,17875.83,37700.0,0.03228399360468276,0.020939256960746527,0.5133574849763107,0.515854818233859
1.5,Region XI - Davao,11,18546.34,12581.08,8636.15,19557.25,37561.33,21790.67,14682.75,36238.33,0.01694834990397877,0.01569034662089954,0.505645536253031,0.5132592339775944
1.5,Region XII - SOCCSKSARGEN,12,14350.98,12762.17,9573.33,17425.5,25369.48,20161.0,13789.67,27007.5,0.018075240498017314,0.011722817996809368,0.506212224071787,0.5112972925142796
1.5,Region XIII - Caraga,16,19326.78,14145.27,10264.62,21391.9,32172.34,20688.33,15097.46,34721.04,0.026682023758355933,0.013006634272093004,0.5105403809115985,0.511932139196031
2.0,Bangsamoro Autonomous Region in Muslim Mindanao,19,17470.29,16291.25,13135.4,20017.33,27006.68,23410.83,18728.12,30150.0,0.040036072446824916,0.019634722583889576,0.517255830275418,0.5152097264584059
2.0,Cordillera Administrative Region,14,25460.17,21813.42,15560.46,30882.44,46054.87,34642.92,24293.75,53886.38,0.07439954603278692,0.04697991429960937,0.53453644473287,0.5287319138280474
2.0,National Capital Region,13,42939.76,35178.08,26525.09,49270.29,73134.45,53918.33,38671.42,79292.5,0.15756542844773672,0.09390704734867705,0.5763586879479342,0.55193736407343
2.0,Region I - Ilocos Region,1,25026.43,21873.0,16270.08,28958.5,46265.26,36632.67,26221.58,53002.58,0.07477030168794635,0.05182407911812074,0.5347228893749899,0.5311273515710447
2.0,Region II - Cagayan Valley,2,23070.67,19281.33,14041.83,27474.92,43674.11,31180.0,22187.0,50570.42,0.05864280405775203,0.038549229422956806,0.526612735201731,0.5245629432191866
2.0,Region III - Central Luzon,3,31001.72,27294.73,20475.54,36658.96,49657.57,40434.58,28851.0,57889.17,0.10850875516641909,0.06108005532877365,0.5516891953421009,0.5357044284447623
2.0,Region IVA - CALABARZON,4,32194.95,27187.42,18934.54,38721.75,53713.91,40885.0,27275.67,64339.17,0.10784098428096833,0.062176629630848725,0.5513533884514349,0.5362466840387821
2.0,Region IVB - MIMAROPA,17,22251.38,16929.17,12656.5,24071.83,44549.83,26028.33,18508.33,40173.33,0.04400573420478543,0.026007182145368922,0.5192520834828885,0.5183609053966122
2.0,Region IX - Zamboanga Peninsula,9,20030.49,15728.92,11376.5,24037.17,34214.21,25105.67,16877.5,38000.0,0.03653679370285397,0.023760911452343304,0.5154961220578407,0.5172501253549214
2.0,Region V- Bicol,5,20637.17,16598.38,12125.4,23153.44,33860.96,24742.44,17743.58,35693.96,0.0419472873573504,0.022876606395412592,0.5182169370718979,0.5168128368255138
2.0,Region VI - Western Visayas,6,24883.52,19923.94,14760.67,28858.88,42564.93,29587.0,21268.75,46327.5,0.06264165084462656,0.03467097609671551,0.5286236649008355,0.5226451483582267
2.0,Region VII - Central Visayas,7,24596.37,20137.08,13267.94,29698.79,44927.18,34576.67,21265.58,54146.5,0.0639679828409454,0.04681862473095683,0.5292906472946156,0.5286521561949409
2.0,Region VIII - Eastern Visayas,8,22305.81,16808.58,12494.83,24715.0,38138.81,25847.5,18622.0,41230.83,0.04325532426091716,0.025566940746132118,0.5188747192768927,0.5181432061846175
2.0,Region X - Northern Mindanao,10,22065.61,17151.38,12307.79,25438.02,38898.51,27521.25,19062.08,42967.17,0.0453885071845265,0.029641784754165006,0.5199474487720033,0.5201582150663072
2.0,Region XI - Davao,11,19167.12,16002.17,11437.12,22511.83,36109.61,25816.83,18976.67,40460.0,0.038237179449284106,0.02549227280544423,0.5163512076311748,0.5181062829150722
2.0,Region XII - SOCCSKSARGEN,12,21366.72,17084.83,12009.0,25829.83,56281.26,26106.33,17143.33,39621.67,0.044974378469339216,0.02619707778846172,0.5197391927979671,0.5184548087231374
2.0,Region XIII - Caraga,16,22048.64,17203.92,12758.26,25046.37,37314.43,24910.0,17636.67,39247.5,0.045715454182211526,0.023284541189728343,0.5201118630300928,0.517014560433111
2.5,Bangsamoro Autonomous Region in Muslim Mindanao,19,18206.34,17048.33,14699.17,20469.0,27761.79,24641.67,20583.67,30750.0,0.04474724551510427,0.02263127583189386,0.5196249727671283,0.5166915209509758
2.5,Cordillera Administrative Region,14,27650.2,23891.58,17621.25,34944.08,51484.3,41560.0,29069.25,62207.08,0.08733156302382539,0.06381995731145945,0.5410396638914433,0.5370593089798668
2.5,National Capital Region,13,44257.56,37714.67,29296.23,50941.04,76740.16,59393.33,43756.25,82778.33,0.17335017311575948,0.1072362607580751,0.5842964794006834,0.5585286552622281
2.5,Region I - Ilocos Region,1,27401.92,23870.0,16452.33,33152.25,53843.85,42195.0,28990.0,62747.5,0.08719727455389689,0.06536590261099692,0.5409721332540323,0.5378237783688872
2.5,Region II - Cagayan Valley,2,27438.69,22800.25,16965.54,31875.74,52879.09,37103.75,26864.79,54794.42,0.08054041214861365,0.05297095142002015,0.537624547555682,0.5316944795077058
2.5,Region III - Central Luzon,3,34599.51,31140.25,22973.85,42829.35,54753.16,43857.5,30995.83,67097.92,0.13243873648613375,0.06941335782435296,0.5637230422733654,0.5398252435015587
2.5,Region IVA - CALABARZON,4,35728.43,28773.33,21499.81,42106.12,60984.72,45925.0,30921.67,68002.5,0.11770981780016695,0.07444680964607545,0.5563162018516412,0.5423142835988811
2.5,Region IVB - MIMAROPA,17,24327.5,20063.12,14656.42,28729.67,44575.16,30912.88,22985.79,49524.79,0.06350774302463807,0.0378989098821498,0.5290592030896613,0.5242413604425014
2.5,Region IX - Zamboanga Peninsula,9,21560.31,16786.67,12074.58,25089.67,39719.23,25476.5,18267.12,38618.67,0.043118982260169525,0.024663719161677936,0.5188061559652303,0.5176965634392213
2.5,Region V- Bicol,5,23866.18,18166.67,14198.0,26306.5,42311.35,26630.42,20010.0,38736.67,0.05170647477644984,0.027473006090878403,0.5231246119257102,0.5190857548051717
2.5,Region VI - Western Visayas,6,27143.09,22809.42,16835.42,31885.0,49038.27,35305.42,24457.71,53031.33,0.08059747541410225,0.048592809986134695,0.5376532433826078,0.529529490159112
2.5,Region VII - Central Visayas,7,29030.19,24295.6,17276.21,33819.46,53127.64,43742.0,29075.08,64500.0,0.08984570702848305,0.06913216619900403,0.5423039701067717,0.5396861943449731
2.5,Region VIII - Eastern Visayas,8,24548.63,18807.54,14349.42,28997.08,46263.39,29593.58,22151.88,51523.71,0.05569449385536909,0.03468699549840206,0.5251300966151253,0.5226530699465414
2.5,Region X - Northern Mindanao,10,25435.44,19802.67,13725.92,28386.92,48397.2,32823.92,23107.71,53225.21,0.06188700938270676,0.042551450520304325,0.5282441727600184,0.5265420400979243
2.5,Region XI - Davao,11,22002.13,17853.92,13137.21,26175.33,42394.22,31462.67,22744.92,45687.5,0.04976028761379282,0.03923740636440604,0.5221459183737972,0.5249032464667368
2.5,Region XII - SOCCSKSARGEN,12,23887.14,18460.92,13893.62,28118.67,40476.85,27749.92,18843.75,42245.0,0.05353753975682336,0.03019849548116537,0.5240454131332257,0.5204335083185706
2.5,Region XIII - Caraga,16,25767.96,20169.83,14799.67,28677.06,41991.03,30258.75,21798.08,46782.46,0.06417178021769046,0.03630639145886403,0.5293931323907792,0.5234538606607062
3.0,Bangsamoro Autonomous Region in Muslim Mindanao,19,19329.29,18124.83,15131.62,21934.92,29477.39,25583.33,21132.71,32106.12,0.0514461119598693,0.024923803155929264,0.522993681347894,0.5178251748798971
3.0,Cordillera Administrative Region,14,29625.63,25054.33,19017.42,34910.42,54131.11,41786.67,30262.08,61820.62,0.09456714775085795,0.06437179891940614,0.5446782759697391,0.5373321944545271
3.0,National Capital Region,13,48203.0,40692.17,31370.33,55494.96,78715.59,61448.75,43828.25,92239.88,0.1918786216427338,0.11224030310071345,0.5936140175328061,0.561003152382827
3.0,Region I - Ilocos Region,1,31579.79,27368.23,20240.58,38110.28,59455.03,47707.83,32585.67,67019.0,0.10896613248522097,0.078787215407295,0.5519192000617351,0.5444606126710501
3.0,Region II - Cagayan Valley,2,27635.85,23355.33,17952.25,32188.5,52644.56,38639.0,28572.5,55573.83,0.08399457544277084,0.05670860893358697,0.5393615682328872,0.5335427497903729
3.0,Region III - Central Luzon,3,35918.23,32152.17,24168.83,43310.5,56703.01,47493.33,33858.83,67066.67,0.1387357331724195,0.07826500238878983,0.5668896596324443,0.5442023785231054
3.0,Region IVA - CALABARZON,4,38732.26,32823.25,23289.12,47042.8,64349.5,48196.17,32565.21,76067.08,0.14291174366359732,0.07997610820662751,0.568989680955603,0.5450485197284267
3.0,Region IVB - MIMAROPA,17,25452.22,21049.92,15594.42,29713.71,44624.84,31890.96,22977.29,48183.96,0.06964842245584488,0.040280103864152365,0.5321472120329958,0.5254188600015771
3.0,Region IX - Zamboanga Peninsula,9,23349.95,19652.25,14426.42,28217.71,38181.06,29900.0,21621.25,41797.5,0.06095097269843222,0.03543299322861352,0.5277734610603262,0.5230219655531297
3.0,Region V- Bicol,5,24908.35,20311.67,15408.12,28599.58,41084.06,30145.62,22551.04,44286.25,0.06505442510066811,0.03603096973959367,0.5298369945599346,0.5233176647205804
3.0,Region VI - Western Visayas,6,29394.24,24340.83,17991.67,34839.72,49566.01,36886.0,26924.88,57170.92,0.09012716520711447,0.05244082608305276,0.5424455090655343,0.5314323327211559
3.0,Region VII - Central Visayas,7,28817.02,23562.0,16291.33,34034.5,52557.15,39981.58,27050.33,60249.83,0.08528064578939376,0.05997719986311934,0.5400083039527078,0.5351590668176344
3.0,Region VIII - Eastern Visayas,8,26895.3,20840.73,15584.52,29757.12,47528.98,31487.17,23551.92,50343.33,0.06834667060114874,0.039297053072813386,0.5314925904370734,0.5249327417423763
3.0,Region X - Northern Mindanao,10,26366.86,20373.67,14587.33,30368.36,47538.73,33500.0,23937.29,54095.0,0.06544023998183435,0.044197407525204034,0.5300310121465649,0.5273559652389147
3.0,Region XI - Davao,11,23147.51,18853.5,14410.82,26451.42,43501.23,31138.83,23250.0,46180.33,0.055980494693085206,0.038448998607237196,0.5252739199745048,0.5245133791172245
3.0,Region XII - SOCCSKSARGEN,12,24236.93,20151.28,14827.79,28765.71,41135.69,30130.67,21217.54,45151.46,0.06405634689437378,0.03599457307466756,0.5293350835805858,0.5232996665829964
3.0,Region XIII - Caraga,16,25469.37,20395.33,15847.25,28992.33,41817.94,29681.33,22196.08,43265.38,0.06557502627741599,0.03490062809688146,0.5300987931292489,0.5227587111888823
3.5,Bangsamoro Autonomous Region in Muslim Mindanao,19,20889.23,19915.5,16301.0,23329.21,30829.95,26883.33,21876.67,33992.0,0.06258913023822266,0.02808873054080916,0.5285972534745264,0.5193902303219861
3.5,Cordillera Administrative Region,14,30925.03,26734.17,19986.17,37566.17,59956.46,45165.0,33330.0,69296.0,0.10502049081502335,0.07259654440568411,0.5499350260136903,0.5413993281096598
3.5,National Capital Region,13,49708.89,42543.25,33309.42,56486.74,81080.4,65900.83,47854.54,95213.08,0.20339756051739769,0.12307915687892587,0.5994066316337664,0.5663629616386853
3.5,Region I - Ilocos Region,1,32876.04,29740.67,20372.75,39358.08,61835.0,49335.83,36593.33,71421.67,0.12372940114125286,0.08275067831697538,0.5593433143073012,0.5464205436400661
3.5,Region II - Cagayan Valley,2,29320.65,24699.58,19352.44,33951.9,56339.56,42621.25,30110.62,63014.38,0.09235960212031416,0.06640363360930851,0.5435681511494634,0.5383369359705721
3.5,Region III - Central Luzon,3,38735.51,34660.83,26528.83,46235.67,61534.52,52099.17,38276.5,73135.0,0.1543466744592976,0.08947819403984769,0.5747400492917325,0.5497472977210986
3.5,Region IVA - CALABARZON,4,39433.32,33081.25,25499.81,45945.29,65143.41,51430.17,36388.46,75554.25,0.14451723139490188,0.08784947371639798,0.5697970444612579,0.5489418961128236
3.5,Region IVB - MIMAROPA,17,27038.59,22189.92,16576.17,31015.88,48820.71,33850.83,24719.0,55016.08,0.07674243801277209,0.04505152404400204,0.5357146321742619,0.5277783255471825
3.5,Region IX - Zamboanga Peninsula,9,26187.9,21235.62,15435.6,29892.27,45161.66,32081.75,23502.08,47836.04,0.07080400025314434,0.040744593476276396,0.5327283259981125,0.5256485499460357
3.5,Region V- Bicol,5,26295.71,20438.33,16071.77,30319.5,45102.66,31564.27,24601.67,47463.5,0.06584260756596674,0.03948475761233205,0.5302333537135248,0.5250255615689802
3.5,Region VI - Western Visayas,6,32284.51,27730.33,19680.54,40420.58,58321.88,43870.0,28862.25,71202.42,0.11121941584764497,0.06944378981843835,0.5530523253539742,0.5398402921115788
3.5,Region VII - Central Visayas,7,33250.77,28240.5,19885.17,39977.42,63288.33,49039.17,33977.75,74344.67,0.11439411226578317,0.08202844188774577,0.554648808453509,0.5460633979881814
3.5,Region VIII - Eastern Visayas,8,28657.23,22262.08,16250.96,33298.15,50380.28,34113.33,25565.62,56135.0,0.07719147675188429,0.04569059591979511,0.5359404436105721,0.5280943463576043
3.5,Region X - Northern Mindanao,10,27858.66,21912.38,15760.07,34612.17,49666.76,35703.0,26353.21,58337.42,0.07501535636569354,0.04956074216281205,0.5348461218356593,0.5300081322688549
3.5,Region XI - Davao,11,23385.64,19549.83,15192.29,26333.22,42735.88,32094.0,24506.88,48885.46,0.0603136314060283,0.040774416830480074,0.5274529565244767,0.5256632975838553
3.5,Region XII - SOCCSKSARGEN,12,26604.76,21688.17,15852.17,30599.04,47626.55,31811.67,22394.0,52873.83,0.07362013774462453,0.040087067639269953,0.5341444979147177,0.5253234036584977
3.5,Region XIII - Caraga,16,27751.64,22778.5,17254.89,31289.75,46671.15,32839.33,24201.25,50742.0,0.08040506579917228,0.04258896708261279,0.5375564849345656,0.5265605920243571
4.0,Bangsamoro Autonomous Region in Muslim Mindanao,19,20897.95,19295.0,16017.33,23758.33,31675.24,27516.67,22359.17,34184.17,0.058727870016228506,0.029630634471532115,0.5266555129502671,0.5201527012555959
4.0,Cordillera Administrative Region,14,32819.02,28418.67,21314.33,38917.71,61675.82,46116.25,32880.29,73092.21,0.1155028322234829,0.0749124191555818,0.555206358669798,0.5425445273321884
4.0,National Capital Region,13,51951.71,44854.67,34959.35,59471.42,84141.87,66631.5,48115.67,96746.92,0.21778111265651404,0.12485801648839523,0.6066397950222973,0.5672426070693555
4.0,Region I - Ilocos Region,1,33803.7,30300.61,22199.79,40074.96,64184.75,51401.25,36318.71,72546.71,0.12721380734383694,0.08777906625488202,0.5610955434598456,0.5489070796486811
4.0,Region II - Cagayan Valley,2,29089.64,24812.95,19257.17,34395.67,53395.77,40251.67,29991.5,60577.5,0.09306508329898858,0.06063475004572103,0.5439229216945646,0.5354842251440604
4.0,Region III - Central Luzon,3,38291.43,34376.0,25691.25,45670.17,61117.88,50584.67,35836.67,72082.5,0.15257422844957866,0.08579105363646261,0.5738487262401213,0.547924008131065
4.0,Region IVA - CALABARZON,4,41295.43,35220.33,26173.0,50713.17,67963.02,51766.67,35946.67,80396.67,0.15782834262078949,0.0886687029971765,0.576490901545275,0.5493470046945643
4.0,Region IVB - MIMAROPA,17,27294.41,22028.5,17307.08,30910.33,46991.6,33579.17,24961.17,49923.5,0.07573795030119387,0.044390151602943205,0.5352094979995222,0.527451277115338
4.0,Region IX - Zamboanga Peninsula,9,26283.09,21541.17,15880.17,30795.72,43501.79,32693.33,23656.42,46789.5,0.07270538310702077,0.04223352139169551,0.5336844884754492,0.5263848242593224
4.0,Region V- Bicol,5,26848.89,21875.5,16935.5,30236.92,47801.81,32953.33,25276.58,47898.5,0.07478585873960628,0.0428665068686715,0.5347307126647733,0.5266978353477403
4.0,Region VI - Western Visayas,6,31334.5,26203.96,19497.67,36563.67,53119.79,39573.33,28431.46,59381.33,0.10172108907077917,0.05898329093629071,0.5482758314232511,0.5346675792143782
4.0,Region VII - Central Visayas,7,31095.74,25496.75,17860.62,37344.71,58254.94,43692.5,29611.67,67163.17,0.0973202480690121,0.06901165550242591,0.5460627479161416,0.5396266018492936
4.0,Region VIII - Eastern Visayas,8,28491.98,22778.17,17080.08,32641.46,49356.31,34327.0,24765.04,52192.5,0.08040301226835317,0.04621078825389301,0.5375554522603143,0.5283515812778437
4.0,Region X - Northern Mindanao,10,28275.18,22177.17,16014.96,32611.08,51671.27,35704.75,25576.0,55359.04,0.07666309704930646,0.04956500264198401,0.5356747333963661,0.5300102390742577
4.0,Region XI - Davao,11,24880.42,20336.77,15850.71,28614.52,46630.2,33519.17,25042.04,51523.12,0.06521061789933383,0.044244078031333366,0.5299155403893607,0.5273790437872415
4.0,Region XII - SOCCSKSARGEN,12,26318.7,21377.0,16443.48,30375.33,44740.91,30968.0,23144.71,48907.46,0.0716837826386166,0.03803310280326871,0.5331707486819478,0.5243077187932459
4.0,Region XIII - Caraga,16,28412.48,22924.67,17418.0,32045.25,46836.63,33073.33,24896.83,49130.0,0.08131465549562494,0.04315865401189118,0.538013897041626,0.5268423020039331
4.5,Bangsamoro Autonomous Region in Muslim Mindanao,19,21663.21,20827.33,16887.83,24990.08,33161.28,29707.17,23845.42,37100.56,0.06826328480425156,0.03496353711505475,0.531450657603834,0.5227898196755159
4.5,Cordillera Administrative Region,14,34711.82,28209.92,21654.81,39758.45,65048.86,50459.58,36196.04,77099.67,0.1142038184098789,0.08548651458525139,0.5545531139728774,0.547773413680872
4.5,National Capital Region,13,52251.78,46786.19,37333.42,61267.25,84788.79,71003.33,52149.58,101099.17,0.22980061522538778,0.1355014968645795,0.6126841312953308,0.5725058042488848
4.5,Region I - Ilocos Region,1,38195.95,33992.17,24732.83,44406.75,75320.96,56753.33,41198.0,83414.75,0.15018572319412657,0.10080902360724206,0.5726476009130843,0.5553503888259858
4.5,Region II - Cagayan Valley,2,30106.15,26840.0,20319.5,35313.25,57960.52,45279.17,34317.17,67225.42,0.10567905192589144,0.07287449806686236,0.5502662015168045,0.5415367760941393
4.5,Region III - Central Luzon,3,42198.47,38585.65,29227.38,49624.15,67345.73,56810.0,41057.92,77327.29,0.17877012545766516,0.10094699009562755,0.587022050974929,0.5554186132043728
4.5,Region IVA - CALABARZON,4,46027.06,37839.17,28114.33,52820.13,81605.24,55710.0,37609.17,87666.67,0.1741249142884239,0.09826897461611378,0.5846860792319006,0.5540943355226051
4.5,Region IVB - MIMAROPA,17,28977.81,24992.67,18506.96,34654.38,52095.32,36940.83,28199.58,60642.92,0.09418344862871747,0.05257431298190889,0.5444853223505193,0.531498341944148
4.5,Region IX - Zamboanga Peninsula,9,26349.35,22355.33,16603.5,31207.83,41553.44,33875.83,24279.58,46387.17,0.07777175477879958,0.045112388032172816,0.5362322523194959,0.5278084227672227
4.5,Region V- Bicol,5,28670.52,23483.67,17380.62,32152.21,50024.66,34323.5,25866.23,54648.96,0.08479321224678488,0.04620226729554911,0.5397631846372118,0.528347367667038
4.5,Region VI - Western Visayas,6,35927.37,29811.67,22114.33,43065.67,63807.84,46759.17,32584.83,74300.0,0.12417122140839482,0.0764776461665718,0.559565495737152,0.5433185315205176
4.5,Region VII - Central Visayas,7,36873.63,31788.5,21399.33,45358.83,66350.08,55800.0,36992.0,81679.17,0.13647267998155307,0.09848808497352857,0.5657516213142213,0.5542026855147497
4.5,Region VIII - Eastern Visayas,8,29416.94,23313.92,17801.22,33061.0,50997.43,36598.21,26900.67,56480.0,0.08373688843907576,0.051740184196826154,0.5392319832609137,0.5310858655629415
4.5,Region X - Northern Mindanao,10,29664.46,23798.0,17869.33,35058.58,54051.64,39250.0,28004.83,60159.17,0.08674923146609095,0.05819612480448053,0.5407468225082681,0.5342783258481547
4.5,Region XI - Davao,11,26854.74,22236.25,16801.83,31152.96,57830.0,37648.21,27789.17,56702.38,0.0770307412941339,0.054296471699998385,0.5358596133805292,0.5323499488046287
4.5,Region XII - SOCCSKSARGEN,12,29375.43,23517.17,18162.75,33297.25,51511.51,34622.83,23993.79,56300.71,0.08500167673902792,0.04693100399871534,0.5398680167203105,0.5287077277020231
4.5,Region XIII - Caraga,16,30074.28,24275.17,18768.67,32357.0,51521.48,35760.67,25838.33,50530.0,0.0897185748023181,0.04970114321072438,0.5422400381826611,0.5300775605360435
5.0,Bangsamoro Autonomous Region in Muslim Mindanao,19,22631.56,20938.17,17403.38,25808.12,34563.96,30310.67,24115.83,38004.17,0.0689530222466461,0.03643279378949708,0.5317975109796743,0.5235163665672856
5.0,Cordillera Administrative Region,14,34485.13,28939.33,22598.0,41433.67,61618.78,47701.67,34141.67,73529.17,0.11874280603038617,0.07877221852060973,0.5568356682932643,0.5444531967160321
5.0,National Capital Region,13,55709.68,48324.33,38641.33,63493.67,88108.54,71395.33,51621.49,103089.83,0.2393721846014685,0.13645584419909712,0.6174974572743546,0.5729777286591147
5.0,Region I - Ilocos Region,1,37092.83,31177.0,22627.17,44098.33,66987.35,52917.17,36742.33,79251.08,0.13266742514553467,0.09146966373279522,0.5638380446331825,0.5507320787608132
5.0,Region II - Cagayan Valley,2,32252.09,27446.08,20647.71,37634.29,60695.09,45245.0,33492.0,69993.75,0.10945057907391115,0.07279130916783055,0.5521628173055927,0.5414956392137884
5.0,Region III - Central Luzon,3,41232.57,36897.83,28162.29,48862.46,65319.91,54537.5,39050.21,77027.5,0.16826712428460122,0.0954144535709048,0.581740328989989,0.552682775902721
5.0,Region IVA - CALABARZON,4,44823.23,37698.83,27553.0,52955.33,74707.52,53983.33,38616.42,85302.08,0.17325160363644218,0.09406529371792102,0.5842469110366153,0.5520156168455345
5.0,Region IVB - MIMAROPA,17,27932.76,23287.04,18238.19,32194.67,48917.97,35043.58,26798.75,51560.0,0.08356961901962823,0.04795534491962936,0.5391478672491617,0.5292142639152992
5.0,Region IX - Zamboanga Peninsula,9,27712.24,22906.5,17020.92,32395.24,45777.46,34190.0,25104.5,48169.25,0.0812015868441606,0.045877253598717214,0.5379570373714798,0.5281866485120236
5.0,Region V- Bicol,5,28189.1,22382.25,17824.0,30550.0,47322.32,34421.67,26713.33,48797.0,0.07793927311107368,0.04644126800429808,0.5363164935038844,0.5284655534306918
5.0,Region VI - Western Visayas,6,33557.15,27981.84,21503.18,38560.29,56096.35,41500.42,30600.0,64088.33,0.11278451747284035,0.06367490625485087,0.5538393795993511,0.5369875812850671
5.0,Region VII - Central Visayas,7,32548.0,27281.0,19239.08,38973.33,60184.76,45933.33,31233.33,73968.0,0.10842331583870277,0.07446708952693393,0.55164622983461,0.5423243119925985
5.0,Region VIII - Eastern Visayas,8,30085.12,23487.5,18709.81,33315.29,52053.76,37091.67,27265.0,53668.92,0.0848170456499279,0.052941541940936025,0.5397751699171601,0.5316799365309823
5.0,Region X - Northern Mindanao,10,29157.72,23275.83,17386.75,32932.75,53665.0,37306.67,27845.0,56117.5,0.08349986119998512,0.053464972239204635,0.5391127876177726,0.5319387726233279
5.0,Region XI - Davao,11,26748.52,21459.04,16758.33,30256.33,50418.17,35750.83,26529.67,52936.5,0.07219430284588882,0.049677187144980366,0.5334274777594824,0.5300657142702357
5.0,Region XII - SOCCSKSARGEN,12,26936.91,22603.75,16678.38,30958.62,46508.2,32729.92,22609.92,48958.12,0.07931762788814331,0.042322601924782245,0.5370096369787005,0.5264288745505733
5.0,Region XIII - Caraga,16,29024.51,24187.17,18350.83,32298.83,48744.66,34400.0,25830.0,50006.67,0.08917096658388862,0.04638851109935165,0.5419646583822826,0.528439465160361
5.5,Bangsamoro Autonomous Region in Muslim Mindanao,19,23361.04,21400.67,18237.79,25962.58,35444.01,31104.17,24490.83,40094.0,0.0718310768037328,0.038364616774037234,0.5332448195896178,0.5244716523313607
5.5,Cordillera Administrative Region,14,36203.61,30797.5,24068.87,43727.5,69929.09,55109.17,38525.08,83634.08,0.1303058647035576,0.09680621821560809,0.5626504692440505,0.5533710030139356
5.5,National Capital Region,13,57411.53,50190.42,39904.0,66083.58,92997.93,76606.67,55722.92,107974.92,0.2509845280142986,0.149143161643651,0.6233370424071749,0.579251602526481
5.5,Region I - Ilocos Region,1,38365.16,33149.67,26253.58,43702.33,70620.72,58198.42,42471.25,78607.04,0.1449429967847308,0.10432718123386983,0.5700111522560521,0.5570901164942998
5.5,Region II - Cagayan Valley,2,33005.78,27589.83,21774.33,38349.67,61575.25,47739.0,36382.17,73416.67,0.110345109544357,0.07886310062774632,0.5526126564681426,0.5444981378849961
5.5,Region III - Central Luzon,3,44871.37,42766.75,31585.65,53283.75,71823.57,65128.33,46580.0,87462.29,0.20478836093579525,0.12119845964444914,0.6001060337404094,0.5654329575394439
5.5,Region IVA - CALABARZON,4,44578.79,40123.0,30170.83,53528.67,74397.32,59675.0,39426.67,90620.67,0.18833677880542132,0.1079220031399975,0.5918329047943811,0.5588677546209767
5.5,Region IVB - MIMAROPA,17,30545.78,25800.88,18835.21,34658.72,54689.18,38961.25,29525.33,58455.21,0.09921279451754567,0.05749314574110816,0.5470144667648813,0.5339307029566907
5.5,Region IX - Zamboanga Peninsula,9,28076.61,23084.25,17004.06,32415.17,47899.8,35153.17,25142.12,53081.0,0.08230769321718148,0.04822214829817472,0.5385132732750851,0.5293461980890674
5.5,Region V- Bicol,5,30372.1,24385.71,19270.21,33720.58,54747.27,37761.67,28264.46,53374.17,0.09040644539851347,0.0545726968239126,0.5425859527637273,0.532486542028059
5.5,Region VI - Western Visayas,6,36439.11,32044.46,24322.33,43351.79,63387.94,50485.83,36883.92,72187.5,0.13806547315870316,0.08555042177283068,0.5665526010154129,0.5478050157619141
5.5,Region VII - Central Visayas,7,36831.8,32367.83,24968.58,45352.92,66598.92,55958.17,40164.17,79931.75,0.14007774667681155,0.09887315925388737,0.5675645279023263,0.5543931046064999
5.5,Region VIII - Eastern Visayas,8,32490.08,25880.79,19463.67,35349.38,56060.11,40762.17,29906.0,61734.25,0.09971006011680361,0.0618775926841681,0.5472645303995204,0.5360988103772807
5.5,Region X - Northern Mindanao,10,32495.48,25735.83,18873.42,38317.46,59700.57,43284.58,30661.25,63274.46,0.09880800003335435,0.06801854998024112,0.5468109047647152,0.5391355115293421
5.5,Region XI - Davao,11,27964.35,23116.67,18079.5,32663.96,51750.85,40483.33,29257.33,58573.71,0.08250943706310743,0.061198740105706646,0.5386147256969972,0.5357631180238406
5.5,Region XII - SOCCSKSARGEN,12,29445.45,23942.83,17684.19,32739.5,52288.86,34778.33,26480.83,53563.33,0.08765048258285393,0.04730957800513751,0.5412000413320046,0.528894932410673
5.5,Region XIII - Caraga,16,31728.96,26571.67,19680.71,36613.38,56108.49,39798.5,29992.58,58880.73,0.10400928245712804,0.059531480704947175,0.5494265121777642,0.5349386588558361
6.0,Bangsamoro Autonomous Region in Muslim Mindanao,19,24435.16,22300.0,18572.62,28340.14,36634.11,32066.67,25918.0,40565.46,0.07742744611146204,0.040707880318611785,0.5360591072700079,0.5256303953029074
6.0,Cordillera Administrative Region,14,34743.01,30808.58,23737.85,41982.58,65395.91,49690.83,38026.04,73874.38,0.1303748135565144,0.08361494694900029,0.5626851420643709,0.5468479241646366
6.0,National Capital Region,13,59475.14,51773.29,41092.17,68952.67,93214.48,75200.0,54493.33,108996.0,0.26083444415867874,0.14571853979404406,0.6282903426870047,0.5775581282659246
6.0,Region I - Ilocos Region,1,40441.99,36070.33,25228.0,51072.0,76467.18,60227.5,41453.33,88958.67,0.16311774018516503,0.10926709727857145,0.5791508200716576,0.5595329031838645
6.0,Region II - Cagayan Valley,2,31870.53,27102.17,20736.67,37035.83,63305.02,47250.0,33622.42,66266.67,0.10731048881936478,0.0776726010191261,0.5510866142698183,0.5439094362610103
6.0,Region III - Central Luzon,3,44542.11,39692.75,29568.0,53508.49,72134.96,59585.83,41815.0,85875.0,0.1856594102147477,0.10770491346699002,0.5904865166226445,0.5587604038565374
6.0,Region IVA - CALABARZON,4,46676.4,40615.0,30116.12,54785.54,77852.46,59394.33,42270.83,86995.83,0.19139840657209514,0.10723869531760194,0.5933725282237696,0.5585298591510297
6.0,Region IVB - MIMAROPA,17,29330.4,24555.21,19396.44,34366.79,49646.2,37059.33,27806.17,53372.92,0.0914612135010566,0.05286280828583833,0.5431163718110471,0.5316410027671384
6.0,Region IX - Zamboanga Peninsula,9,31531.67,25431.67,19595.5,37190.33,53380.04,39113.33,28908.92,57394.17,0.09691526690020083,0.05786339355394859,0.5458590920364981,0.5341137903656391
6.0,Region V- Bicol,5,28911.01,24254.25,19268.09,33339.08,48802.95,36503.5,28441.67,52954.83,0.08958839339402783,0.05150960706404003,0.5421745728937529,0.5309718452545412
6.0,Region VI - Western Visayas,6,35195.45,30311.33,23257.33,40736.5,60805.61,46212.67,32813.33,70146.83,0.1272805159813547,0.07514715938515881,0.561129089726437,0.5426606062904393
6.0,Region VII - Central Visayas,7,34414.74,29249.5,21958.67,40495.0,64332.95,49555.67,34016.5,76705.0,0.12067293831573012,0.08328589188335384,0.5578062882101208,0.5466852065542114
6.0,Region VIII - Eastern Visayas,8,31704.66,25662.0,19489.25,34887.56,55006.48,38298.33,28700.5,60180.75,0.09834856918373333,0.05587922753958157,0.5465798673708295,0.5331326209923294
6.0,Region X - Northern Mindanao,10,31306.3,25134.5,19273.67,35916.75,58543.2,42135.83,29933.33,63841.67,0.0950660312834885,0.06522184972379436,0.5449291532265156,0.5377525442684961
6.0,Region XI - Davao,11,27645.93,23482.42,17951.46,32155.83,52294.59,39801.17,28499.17,61792.46,0.0847854337209549,0.059537980978883805,0.5397592729923201,0.5349418732389364
6.0,Region XII - SOCCSKSARGEN,12,28675.6,24813.54,17914.75,35237.23,47570.07,36753.42,25590.42,55580.96,0.0930687547631803,0.05211805218098555,0.5439247679909536,0.5312727211438388
6.0,Region XIII - Caraga,16,31712.65,25602.83,20090.25,35085.83,56997.15,38327.5,28722.17,56140.83,0.09798036488504616,0.05595024364097922,0.5463947057482341,0.5331677384286723
6.5,Bangsamoro Autonomous Region in Muslim Mindanao,19,26053.94,23630.79,19931.46,29094.52,39417.96,34603.33,28812.5,44936.79,0.08570871362286833,0.04688353008794214,0.54022356959439,0.5286842518703917
6.5,Cordillera Administrative Region,14,37875.75,33360.08,26299.38,43664.42,76095.35,58443.25,40516.67,87027.38,0.146252340480637,0.10492323444282378,0.5706695916173888,0.5573848645895974
6.5,National Capital Region,13,61375.5,56413.0,44326.8,71121.25,98453.1,85250.0,61960.0,118443.25,0.2897065274215127,0.17018586303869257,0.6428094610235254,0.5896572107220744
6.5,Region I - Ilocos Region,1,38028.69,33802.75,26364.54,43590.88,73760.01,55570.08,43025.33,91679.75,0.14900699650395713,0.09792833104711965,0.5720548458927698,0.5539258874014843
6.5,Region II - Cagayan Valley,2,33186.47,28491.67,22742.0,38683.0,61855.96,46513.33,37120.0,66101.67,0.11595709813195279,0.07587913405249574,0.5554347987314755,0.5430225674975305
6.5,Region III - Central Luzon,3,46957.11,42738.5,33631.92,53526.42,78198.32,65840.83,47049.75,86867.5,0.20461256625203808,0.12293308330731603,0.600017630565856,0.5662907283105889
6.5,Region IVA - CALABARZON,4,47383.89,44652.58,33186.96,55383.67,77640.44,65573.83,51399.17,93956.67,0.21652354282853212,0.12228305591365221,0.6060073915693601,0.5659692900005598
6.5,Region IVB - MIMAROPA,17,31637.02,26240.33,19694.46,37351.92,57504.82,41405.17,30143.75,57521.25,0.10194741305832783,0.06344301445992023,0.5483896446430211,0.536872910876714
6.5,Region IX - Zamboanga Peninsula,9,30368.06,26002.04,19244.5,35347.17,51585.77,38974.42,28709.29,55223.83,0.1004645771223101,0.05752520889007653,0.547643959954019,0.5339465581722078
6.5,Region V- Bicol,5,31329.17,25650.5,20041.62,33847.27,51512.5,39630.75,31571.9,56876.58,0.09827700674609766,0.05912308334432132,0.5465438802378255,0.5347367065093666
6.5,Region VI - Western Visayas,6,40466.3,36276.17,28260.54,46408.69,72744.7,59074.25,41946.67,83686.62,0.16439864559063685,0.10645944150425396,0.5797949584592701,0.5581445184234113
6.5,Region VII - Central Visayas,7,38317.29,32586.08,23614.5,46567.97,75342.34,59766.0,40827.83,87320.0,0.14143587728672327,0.1081435480569391,0.568247501100424,0.558977308501923
6.5,Region VIII - Eastern Visayas,8,31174.02,26982.0,21175.93,35214.5,57711.57,41650.0,30498.08,61043.58,0.10656269246017536,0.06403906766887421,0.550710564376506,0.5371676589720114
6.5,Region X - Northern Mindanao,10,35457.31,27854.67,20281.24,38397.92,66348.42,45196.17,33195.42,68472.5,0.11199316136900311,0.0726724296261354,0.5534414244946452,0.5414368533236059
6.5,Region XI - Davao,11,28172.58,23162.83,18351.08,29826.17,51173.91,39143.0,29608.67,58344.58,0.08279668246495636,0.05793562693510965,0.5387591749195594,0.5341495097463828
6.5,Region XII - SOCCSKSARGEN,12,32954.83,25901.33,21198.35,40884.5,56717.98,42875.83,29444.5,61277.5,0.09983787685324158,0.06702342377364909,0.5473288065483815,0.5386434219816852
6.5,Region XIII - Caraga,16,32967.5,27786.5,19808.04,37112.5,54127.79,39235.0,29295.0,61177.17,0.11156895168434022,0.05815960641157807,0.5532280990288293,0.5342602675161306
7.0,Bangsamoro Autonomous Region in Muslim Mindanao,19,25764.5,23316.5,19282.17,30059.39,39083.9,33835.5,27002.5,43928.33,0.0837529433163888,0.04501420224645573,0.5392400568959702,0.5277598699318539
7.0,Cordillera Administrative Region,14,37302.25,32149.33,25622.17,43292.83,69973.95,53970.83,41636.0,74820.83,0.13871806036173384,0.09403486172383566,0.5668807723752503,0.5520005682355144
7.0,National Capital Region,13,64615.79,57404.42,45838.87,73581.37,102692.36,85719.33,63685.83,118646.5,0.29587595628418706,0.17132847486142003,0.6459119274063798,0.5902222318533327
7.0,Region I - Ilocos Region,1,43164.08,38950.33,28056.83,53917.75,79449.54,67290.0,46270.0,96960.5,0.18103946369740218,0.12646117393681325,0.5881632499022246,0.5680353678452136
7.0,Region II - Cagayan Valley,2,35413.01,31382.75,22769.81,40589.58,66040.81,50740.0,35981.25,80197.29,0.13394777049714676,0.08616921376776523,0.5644819013823628,0.5481110081786186
7.0,Region III - Central Luzon,3,45944.21,42010.83,31753.88,55073.31,72982.91,63138.33,46127.92,86941.25,0.20008440633948613,0.11635368618605607,0.5977405212551586,0.5630372188242461
7.0,Region IVA - CALABARZON,4,52822.61,43265.42,33548.6,62770.62,83834.42,65500.42,45371.58,96165.12,0.2078914949162978,0.12210433489878758,0.6016665297069402,0.5658809125236338
7.0,Region IVB - MIMAROPA,17,32275.28,26894.83,20102.0,36101.5,53379.05,41180.0,29531.67,59405.0,0.10602024918289699,0.06289482469126378,0.5504377819083357,0.5366018312352561
7.0,Region IX - Zamboanga Peninsula,9,31232.98,26035.75,19422.62,35763.67,54379.3,39820.83,27899.29,54904.0,0.10067434840689257,0.05958584441918131,0.5477494491934595,0.534965541692776
7.0,Region V- Bicol,5,29472.68,25647.5,19223.83,33745.92,49447.34,38832.08,30407.01,52844.17,0.09825833828410574,0.057178673687027455,0.5465344922900853,0.5337751966401871
7.0,Region VI - Western Visayas,6,37555.12,31495.0,25531.67,42127.83,64222.52,47900.83,34840.0,70933.0,0.13464628211667753,0.07925708539597334,0.564833167093641,0.5446929632097601
7.0,Region VII - Central Visayas,7,36233.95,31069.46,22894.25,42901.21,74463.19,54226.75,37850.83,87927.17,0.1319982230113312,0.09465791419794217,0.5635015179998564,0.5523086674576216
7.0,Region VIII - Eastern Visayas,8,33750.59,26058.71,20324.0,35701.92,58303.3,39785.21,30420.0,60710.33,0.10081722436933735,0.05949912540883558,0.547821298286831,0.5349226591736628
7.0,Region X - Northern Mindanao,10,32832.46,25554.83,20167.58,37147.5,58528.24,43317.17,31273.33,66450.0,0.09768166949317555,0.06809789227522053,0.5462444985843914,0.5391747462653864
7.0,Region XI - Davao,11,28615.31,25039.0,19307.17,33068.67,53898.16,41589.17,30892.67,61258.0,0.09447175191007925,0.0638909734128571,0.5446303035567868,0.5370944264162096
7.0,Region XII - SOCCSKSARGEN,12,32493.13,24978.75,18284.52,35273.02,52801.77,36881.42,26308.54,52082.62,0.09409682696507499,0.05242967580041987,0.5444417622730049,0.5314268189104445
7.0,Region XIII - Caraga,16,30979.8,26912.83,20448.33,35041.17,51711.33,40144.17,29874.83,58021.67,0.10613225995484848,0.060373034896586734,0.5504941095947767,0.5353548070978876
7.5,Bangsamoro Autonomous Region in Muslim Mindanao,19,29642.72,26124.08,20317.08,35609.65,48000.6,37683.17,30481.4,52526.92,0.10122401015614116,0.054381583901056386,0.5480258616680893,0.5323920367571329
7.5,Cordillera Administrative Region,14,40833.56,35275.08,26790.92,46504.46,81243.6,58626.17,42539.38,91563.75,0.1581690420521419,0.10536856407147166,0.5766622315915332,0.5576050799291873
7.5,National Capital Region,13,67759.84,61173.39,48545.29,77794.47,109942.76,98622.83,70665.0,123857.42,0.31932958068207473,0.2027428137158799,0.6577062252044742,0.6057566110048679
7.5,Region I - Ilocos Region,1,48507.62,41268.67,29796.5,53540.12,97960.77,75790.0,56050.08,110433.75,0.19546607775551325,0.14715492991487417,0.5954180681568761,0.5782684226588727
7.5,Region II - Cagayan Valley,2,33922.33,30672.58,23789.15,38930.12,66365.02,50099.0,40493.21,74673.21,0.12952850994621432,0.08460866111106677,0.5622595551001497,0.5473393154567885
7.5,Region III - Central Luzon,3,52536.92,48960.67,36412.96,63228.67,83850.95,76284.0,57195.83,103216.67,0.24333201430277993,0.14835760232112855,0.619488766162682,0.5788631437268665
7.5,Region IVA - CALABARZON,4,49982.48,43132.92,34183.33,59365.46,83987.79,70877.33,51050.42,93721.83,0.2070669711783216,0.13519474236419882,0.6012518953484158,0.5723541142598823
7.5,Region IVB - MIMAROPA,17,32150.18,27312.83,22339.58,39428.5,56027.71,41246.0,34479.0,65162.17,0.10862138822043699,0.06305550562003459,0.5517458359601333,0.5366812878961622
7.5,Region IX - Zamboanga Peninsula,9,33026.74,24520.83,19562.17,33291.08,54848.64,36406.67,27944.17,51124.17,0.09124727292662929,0.051273868665057,0.5430087859299447,0.5308552727018816
7.5,Region V- Bicol,5,32227.35,26822.17,19779.79,34572.83,55522.49,41327.08,30050.83,57916.46,0.10556809903345282,0.06325289970647005,0.5502104058140687,0.5367788992001965
7.5,Region VI - Western Visayas,6,40061.72,35251.83,26348.33,48283.53,68511.51,57688.33,36962.33,79332.33,0.1580243614717046,0.10308533676482876,0.5765894749965468,0.5564760248554882
7.5,Region VII - Central Visayas,7,39533.96,32327.58,26934.58,43690.33,73227.89,60993.67,43117.5,86421.83,0.13982727814508672,0.11113238375124332,0.5674385729368123,0.5604552866669917
7.5,Region VIII - Eastern Visayas,8,34960.87,26900.17,21199.48,38417.5,61593.89,41600.83,30739.5,63878.33,0.1060534790452426,0.06391936037693993,0.5504544924553132,0.5371084637596364
7.5,Region X - Northern Mindanao,10,34767.3,26923.17,20830.54,40269.46,63543.58,43918.33,32851.67,68638.25,0.10619660392051392,0.0695614520803701,0.5505264667213212,0.5398984760573605
7.5,Region XI - Davao,11,30619.02,25555.83,19821.83,36802.67,57119.75,49441.67,32781.83,74586.67,0.09768789231383951,0.08300835209729512,0.5462476279003048,0.5465479632308282
7.5,Region XII - SOCCSKSARGEN,12,29301.47,23496.5,19187.0,29817.17,47945.77,37625.0,25446.17,51571.33,0.08487305103590362,0.05423996557338066,0.5398033337603807,0.5323220065455434
7.5,Region XIII - Caraga,16,33741.43,29482.33,22415.08,38683.67,52247.39,43600.0,30878.5,62344.0,0.12212179765092257,0.06878645874619407,0.5585348868342357,0.5395152421351449
8.0,Bangsamoro Autonomous Region in Muslim Mindanao,19,27245.74,24649.17,19777.17,32021.0,40859.84,36422.33,28116.67,45582.0,0.09204590973064333,0.051311993867247184,0.5434104023342694,0.5308741256005148
8.0,Cordillera Administrative Region,14,40397.08,33653.83,26627.5,47542.33,76178.36,53505.33,43560.0,88998.33,0.14808029405067855,0.09290157426409595,0.5715888281669476,0.5514401579983663
8.0,National Capital Region,13,69736.94,62630.17,50592.25,81194.75,105863.21,91371.5,69894.42,125243.33,0.3283948613689347,0.18508901918218668,0.6622649500407845,0.5970268160211114
8.0,Region I - Ilocos Region,1,42924.39,38238.0,26901.17,56361.08,83247.15,74089.17,41970.62,109979.25,0.17660676185383553,0.14301415803485473,0.5859341442976385,0.5762208124684356
8.0,Region II - Cagayan Valley,2,40430.81,32301.08,23519.0,44854.1,86653.51,54665.58,39382.92,85326.67,0.13966237339749146,0.09572627195510128,0.5673556460651075,0.5528369699804307
8.0,Region III - Central Luzon,3,52903.61,49147.08,34909.54,66949.62,87207.05,74165.83,50272.5,108881.67,0.24449201030275083,0.14320079136818156,0.6200721019420973,0.5763131025839667
8.0,Region IVA - CALABARZON,4,49131.98,42286.67,33873.29,56422.96,80388.8,63476.67,45642.92,92180.08,0.20180090919143592,0.11717739505636396,0.5986037117567085,0.5634445425613818
8.0,Region IVB - MIMAROPA,17,32393.25,27472.0,22969.33,37742.67,55010.27,41060.83,31506.67,61600.0,0.10961187458552127,0.06260469823245138,0.5522439291740677,0.5364583638067686
8.0,Region IX - Zamboanga Peninsula,9,31216.34,27325.08,20494.33,36637.96,52623.1,42338.75,31956.92,58991.17,0.10869761777357062,0.06571587054297884,0.5517841700800723,0.5379968373841182
8.0,Region V- Bicol,5,31987.81,27011.0,20993.83,37619.42,52885.29,42652.5,32283.33,60699.33,0.10674315425943054,0.06647971359452198,0.5508013145379944,0.5383745574956224
8.0,Region VI - Western Visayas,6,41825.03,36274.92,26653.17,52215.33,72460.63,60666.92,39327.62,87037.38,0.16439086706480688,0.1103368914258514,0.5797910468143783,0.5600619160010667
8.0,Region VII - Central Visayas,7,37687.98,31840.33,23838.79,44511.03,70453.53,56869.42,39195.42,86572.5,0.13679520877656673,0.10109165162271183,0.5659138137580124,0.5554901482769643
8.0,Region VIII - Eastern Visayas,8,35288.98,27334.58,22092.73,38561.83,64220.41,43654.08,32244.42,66073.33,0.10875673456987836,0.06891811972540507,0.5518138985812495,0.5395803484415358
8.0,Region X - Northern Mindanao,10,34102.14,28431.67,21176.25,42341.33,60494.49,47375.0,32271.67,68787.0,0.11558372889211452,0.07797692095997993,0.555247039776672,0.5440599223612111
8.0,Region XI - Davao,11,30303.58,25693.42,18959.04,38559.54,57978.06,43815.08,30256.75,70653.08,0.0985440902089953,0.06931008380922482,0.5466781904768283,0.5397741745385946
8.0,Region XII - SOCCSKSARGEN,12,30181.51,24640.5,20514.08,32884.79,49054.92,38837.5,26911.83,54127.58,0.09199195787548672,0.057191868999662866,0.5433832711653003,0.5337817217174918
8.0,Region XIII - Caraga,16,36069.65,28485.75,22077.42,37628.0,64535.46,44670.92,32109.71,61768.08,0.1159202590336221,0.07139367723466758,0.5554162731812682,0.5408045107305619
8.5,Bangsamoro Autonomous Region in Muslim Mindanao,19,25520.02,25055.08,20039.33,30538.67,39965.79,39685.0,28500.0,46807.5,0.09457181486635594,0.05925515819865188,0.5446806229566741,0.5348020174768537
8.5,Cordillera Administrative Region,14,42219.89,37062.92,29712.04,45184.54,87567.08,62641.25,45510.83,93004.67,0.16929444974801622,0.11514351533645906,0.5822569477541306,0.5624387897787433
8.5,National Capital Region,13,67953.55,65374.21,50897.23,79394.29,108174.11,95828.33,75474.25,135635.88,0.34547053018369833,0.19593943711815154,0.6708519180797666,0.6023923437487773
8.5,Region I - Ilocos Region,1,46831.78,43629.44,35834.38,54767.22,87029.29,85905.5,53379.04,101020.42,0.2101567260943966,0.17178171680853008,0.6028056632857329,0.5904463598315278
8.5,Region II - Cagayan Valley,2,39575.12,33638.62,26667.5,49715.58,89293.14,58427.67,39246.25,85857.29,0.14798564494837957,0.10488530400539575,0.5715412312719048,0.5573661080020683
8.5,Region III - Central Luzon,3,58328.04,55132.42,43745.98,71759.62,99375.87,87682.5,64855.75,115358.33,0.28173770773564444,0.17610792908770823,0.6388021216511548,0.5925856702319834
8.5,Region IVA - CALABARZON,4,51040.91,45238.75,36255.75,63415.5,84219.26,71168.5,48052.08,106835.42,0.22017117361713215,0.1359036130616261,0.6078417026783126,0.5727046505622462
8.5,Region IVB - MIMAROPA,17,33341.24,28931.38,25742.54,35464.21,51707.94,45482.92,36819.21,58325.17,0.11869333460610762,0.07337053957045411,0.5568107902317527,0.5417820684374667
8.5,Region IX - Zamboanga Peninsula,9,33435.18,29418.92,23069.71,34767.04,56803.0,43265.0,33837.08,58093.54,0.12172720859262012,0.06797088130470577,0.5583364569121676,0.5391119393866066
8.5,Region V- Bicol,5,37968.91,31756.59,22264.98,46757.4,65877.56,51593.75,37917.71,72580.5,0.13627410977416576,0.08824771896379693,0.5656517648434249,0.5491388282429905
8.5,Region VI - Western Visayas,6,44543.18,41044.0,27733.33,56464.33,78946.9,69822.5,46039.67,95721.33,0.19406799663693883,0.132626695938512,0.5947150047506145,0.5710842162352832
8.5,Region VII - Central Visayas,7,37181.77,34966.83,25030.83,45137.33,77101.1,63069.83,48063.33,85567.67,0.15625085758247279,0.11618691885846816,0.5756976199612303,0.562954752441336
8.5,Region VIII - Eastern Visayas,8,36692.53,31566.0,22903.79,42086.08,66266.85,49553.33,36241.0,72469.83,0.1350881023838195,0.08328019501406106,0.5650553485234917,0.5466823894544156
8.5,Region X - Northern Mindanao,10,40323.61,32458.17,24363.08,45048.42,72574.97,54021.67,42968.83,80497.0,0.1406399162955947,0.09415863473017971,0.5678472303019421,0.552061773942188
8.5,Region XI - Davao,11,32970.3,27339.17,20512.67,42146.67,65544.92,46503.33,31281.67,75931.0,0.10878529731672595,0.07585478845722743,0.551828262141292,0.5430105286095145
8.5,Region XII - SOCCSKSARGEN,12,32622.51,28813.62,21254.46,42559.67,60644.51,45068.92,32436.71,71049.25,0.11796053524471833,0.0723626319263462,0.5564422819897918,0.5412836584736014
8.5,Region XIII - Caraga,16,37156.86,32585.67,24345.16,42093.29,60770.98,46140.08,33408.67,70208.54,0.141433325930251,0.07497043470910619,0.5682462180808995,0.5425732160023308
9.0,Bangsamoro Autonomous Region in Muslim Mindanao,19,29247.33,26002.33,21526.67,34598.56,42619.81,36583.0,30067.5,47903.96,0.10046638174030267,0.05170315454642307,0.547644867455634,0.531067554414269
9.0,Cordillera Administrative Region,14,44628.08,40112.5,31340.92,50345.75,84999.21,62926.67,46657.25,89869.08,0.18827143918844963,0.11583838731660706,0.5918000469772905,0.5627824037204979
9.0,National Capital Region,13,75091.01,67105.58,54311.35,87313.85,124113.52,101162.0,78346.75,153126.17,0.3562445351966782,0.2089245742296226,0.6762699217727349,0.6088134893332442
9.0,Region I - Ilocos Region,1,45018.91,42307.58,33097.38,58430.62,92463.79,86933.67,54155.88,104454.12,0.20193102837151958,0.1742848578772316,0.5986691457524574,0.591684162180676
9.0,Region II - Cagayan Valley,2,38399.41,35690.17,24444.0,47581.54,68857.3,58895.67,40348.92,85054.58,0.1607520726815497,0.10602467786395253,0.5779611793340227,0.5579295279612203
9.0,Region III - Central Luzon,3,57010.44,55311.83,40477.62,72724.92,96539.04,86995.0,62377.42,119095.92,0.28285414399096753,0.17443416941301212,0.6393635522191763,0.5917579966808786
9.0,Region IVA - CALABARZON,4,55964.05,47443.67,41881.5,61156.08,87846.12,76950.0,54867.67,112313.75,0.2338919953555356,0.14997901896599777,0.6147415939220674,0.5796649336687367
9.0,Region IVB - MIMAROPA,17,33978.81,29718.67,21323.62,38292.58,60043.28,44703.58,33887.42,61397.5,0.12359249908664549,0.07147318994881388,0.5592744693572066,0.5408438297388224
9.0,Region IX - Zamboanga Peninsula,9,33571.64,30293.83,22075.5,39987.33,57342.38,45803.33,32668.83,63707.67,0.12717161661973522,0.07415059678844593,0.5610743266979528,0.5421678064483896
9.0,Region V- Bicol,5,36303.88,30209.5,23303.38,42155.54,61771.54,46916.75,36004.29,62524.17,0.1266468461531425,0.07686128405680978,0.5608104314869764,0.5435082403178748
9.0,Region VI - Western Visayas,6,45552.76,38786.83,28096.71,50586.67,79750.2,60370.0,49884.33,90348.0,0.18002203251884288,0.10961402201114484,0.5876516067503851,0.5597044573380935
9.0,Region VII - Central Visayas,7,39850.05,37897.67,25045.67,49872.18,77943.24,66053.58,43008.33,100826.25,0.17448894929726622,0.12345103584664924,0.584869144212834,0.5665468556531308
9.0,Region VIII - Eastern Visayas,8,35122.66,32001.17,23317.33,40027.5,63093.43,46032.5,37164.0,68891.67,0.13779608725215983,0.07470852479520973,0.5664171329295222,0.5424437016450538
9.0,Region X - Northern Mindanao,10,37200.52,30888.21,21530.67,40364.88,68083.3,48599.17,34148.12,62475.21,0.13087033676598642,0.08095723569594027,0.5629343294905542,0.5455336869154743
9.0,Region XI - Davao,11,34645.16,28010.5,21998.5,36212.71,71151.87,54207.5,35658.0,73888.75,0.11296286351306978,0.09461104892705066,0.5539290657934289,0.5522854925981907
9.0,Region XII - SOCCSKSARGEN,12,35092.49,26860.92,19566.83,37870.67,53118.26,35998.5,24316.25,71050.58,0.10580923333418171,0.050280154502990525,0.5503316668057125,0.5303638814097297
9.0,Region XIII - Caraga,16,35798.01,31766.5,23042.33,44586.52,58211.13,49603.33,34120.0,70857.0,0.1363357779269457,0.08340192299040258,0.5656827763641267,0.546742583894496
9.5,Bangsamoro Autonomous Region in Muslim Mindanao,19,30018.69,27166.4,21947.0,38703.75,43127.03,38031.92,32629.17,52938.96,0.10771018059061166,0.055230636536038595,0.5512876102309354,0.5328118929766933
9.5,Cordillera Administrative Region,14,47020.3,40653.17,29870.17,54766.0,100852.86,65367.5,53184.79,130337.33,0.19163593163683892,0.12178073324648125,0.5934919742121838,0.5657208916241242
9.5,National Capital Region,13,76544.24,67347.17,58637.5,90314.79,125852.52,104561.17,85391.67,148766.67,0.35774790644088694,0.2172000559364397,0.6770259332042512,0.6129057120310025
9.5,Region I - Ilocos Region,1,53597.64,56604.0,31290.5,79115.0,95072.11,100592.5,55004.17,119947.5,0.29089508616833115,0.20753809257909253,0.6434071603629832,0.608127874660729
9.5,Region II - Cagayan Valley,2,40160.23,33605.25,29102.17,50654.83,69758.12,57443.33,47494.58,76551.75,0.14777798942282283,0.10248886968075524,0.5714368059998749,0.5561810720990945
9.5,Region III - Central Luzon,3,46860.96,41388.5,36586.96,56283.09,81164.52,66076.08,55855.0,94075.83,0.19621175835567692,0.12350581343600295,0.5957930540827778,0.5665739431511669
9.5,Region IVA - CALABARZON,4,62927.12,59442.83,48191.15,72071.73,104294.68,96118.67,71919.33,123496.25,0.3085606161538327,0.19664628713117155,0.6522907562573957,0.6027418808234358
9.5,Region IVB - MIMAROPA,17,29882.24,28975.0,22707.0,37845.33,46048.68,41795.83,37728.67,53778.33,0.11896477404347003,0.06439409948467192,0.5569472909918949,0.5373432220759498
9.5,Region IX - Zamboanga Peninsula,9,43523.01,28917.83,22980.5,51388.5,68656.23,49922.08,30199.58,68768.38,0.1186090153861108,0.08417793883957989,0.5567683880011263,0.5471263234500082
9.5,Region V- Bicol,5,32868.5,28795.5,22343.17,37389.12,54253.61,43923.5,35489.17,65842.67,0.1178477777342872,0.06957403875312379,0.5563855787854411,0.5399047001624648
9.5,Region VI - Western Visayas,6,63704.44,48480.0,38945.83,67739.33,117608.01,77255.33,63265.83,166644.92,0.24034089109422888,0.150722363026325,0.6179845978825922,0.5800325170365314
9.5,Region VII - Central Visayas,7,54291.04,33482.38,25608.76,58067.17,124366.22,71229.17,57006.33,112919.42,0.14701339144784065,0.13605131778811894,0.5710523069535965,0.5727776904958397
9.5,Region VIII - Eastern Visayas,8,42725.37,35508.21,25490.23,50633.5,77282.68,59862.83,43986.88,92026.42,0.15961976823353352,0.10837928645592212,0.5773917690104221,0.5590938810545825
9.5,Region X - Northern Mindanao,10,45479.59,40728.67,27733.9,53592.96,116072.41,64990.75,44323.54,102901.08,0.19210575459696874,0.12086351294474779,0.5937282375636448,0.5652673265181188
9.5,Region XI - Davao,11,30483.97,25832.17,22782.0,37236.42,56436.53,47750.83,38715.0,65043.33,0.0994075065761213,0.07889190146694872,0.5471123830598112,0.5445123798895192
9.5,Region XII - SOCCSKSARGEN,12,35353.24,28447.56,25109.67,45726.96,56016.6,44840.25,32137.25,75611.08,0.11568260951246503,0.07180592119934584,0.5552967646065358,0.541008365221338
9.5,Region XIII - Caraga,16,38714.61,35138.04,27511.15,43774.29,64048.99,60230.0,41407.94,78315.25,0.1573162667083513,0.10927318367738853,0.576233390138762,0.5595359129058686
10.0,Bangsamoro Autonomous Region in Muslim Mindanao,19,33767.29,30379.92,23492.71,41584.08,49093.94,44090.0,32948.33,59141.08,0.12770733925069647,0.0699793929143411,0.5613437295049366,0.5401051476479324
10.0,Cordillera Administrative Region,14,38637.62,38919.08,31266.42,43338.17,85621.66,72621.83,55829.5,89570.33,0.1808450005516531,0.13944183145875497,0.5880654587799311,0.5744542982742856
10.0,National Capital Region,13,85920.3,77996.17,60374.83,98519.0,140482.26,120800.0,86092.17,156055.0,0.4240147236915166,0.25673445421752383,0.7103500183659551,0.6324554576192015
10.0,Region I - Ilocos Region,1,63216.84,60626.08,40987.33,81812.09,109338.59,93155.67,62901.29,167575.33,0.3159237687044766,0.1894326872531722,0.655993519311916,0.5991747583042745
10.0,Region II - Cagayan Valley,2,37781.02,29047.79,24484.15,39825.42,79856.17,48817.92,36335.42,63717.04,0.1194177331596005,0.0814897955924345,0.5571750738972306,0.5457970375908259
10.0,Region III - Central Luzon,3,55880.96,55294.17,43005.25,70128.67,94448.91,84926.67,67186.25,112357.92,0.28274424897804173,0.1693986969068824,0.6393082885001458,0.5892679573558509
10.0,Region IVA - CALABARZON,4,62813.48,51560.92,40527.25,67537.45,102304.58,83443.5,63207.21,105921.12,0.25951290373427116,0.1657878312534729,0.6276257698664778,0.5874823856019715
10.0,Region IVB - MIMAROPA,17,31843.09,28906.67,25548.17,37736.29,49696.06,46630.0,36748.75,56724.42,0.11853956870750085,0.07616317411249107,0.5567334648355329,0.543163025204014
10.0,Region IX - Zamboanga Peninsula,9,41808.62,31404.25,25830.75,40833.46,71815.93,48643.83,39930.83,67358.17,0.13408156114142214,0.08106596312440853,0.5645491816745007,0.5455874525893541
10.0,Region V- Bicol,5,40683.34,29771.83,22949.0,40014.5,204959.26,49783.33,41604.17,61825.0,0.12392330423314224,0.08384014370523213,0.5594408237911624,0.5469592838787852
10.0,Region VI - Western Visayas,6,50489.69,47028.5,31691.71,56722.96,96130.77,72910.67,56238.46,111802.21,0.23130846690047466,0.14014502963248474,0.6134423958343047,0.5748020295157418
10.0,Region VII - Central Visayas,7,49510.88,49190.33,30501.62,61506.31,98109.01,101854.67,57291.0,118027.12,0.2447611472964676,0.21061092057707242,0.6202074448553514,0.6096473869894533
10.0,Region VIII - Eastern Visayas,8,40135.44,33336.12,22927.5,50833.04,74567.62,54308.83,38727.21,78881.67,0.14610324169752825,0.09485774284390444,0.570594613208104,0.5524074826504575
10.0,Region X - Northern Mindanao,10,39657.01,34310.5,23598.25,47906.83,78768.46,60897.67,36941.92,86367.5,0.15216663369608854,0.11089866603666759,0.5736437560477942,0.5603397133420375
10.0,Region XI - Davao,11,36015.1,29572.17,25096.92,45153.46,68682.77,61405.83,37022.08,88584.75,0.12268085585937372,0.11213581180582188,0.5588160245758947,0.560951481475462
10.0,Region XII - SOCCSKSARGEN,12,33249.16,29051.83,23433.4,39652.62,56632.58,50732.08,36215.83,67339.21,0.11944287335508294,0.08614993205631274,0.5571877163335207,0.5481014733793098
10.0,Region XIII - Caraga,16,42122.18,29432.42,25194.17,43995.83,77424.95,47224.83,36328.33,73181.0,0.12181121667158373,0.07761132315583577,0.5583787026769983,0.5438791343798739
10.5,Bangsamoro Autonomous Region in Muslim Mindanao,19,29713.49,25001.0,21295.58,29022.38,42082.82,34280.83,30059.54,47223.62,0.09423528472484835,0.046098384640539246,0.5445113895520779,0.5282959977318735
10.5,Cordillera Administrative Region,14,38175.66,36086.92,25830.83,51712.5,66185.25,63116.25,36138.12,90903.21,0.1632209767799803,0.11629993111170364,0.5792027354226608,0.5630106369595066
10.5,National Capital Region,13,85403.07,89039.12,70834.08,100386.38,137255.09,125340.0,105914.0,152494.17,0.49273302114271766,0.2677873544693352,0.7449068975317396,0.6379211127784972
10.5,Region I - Ilocos Region,1,62462.28,62333.17,46288.62,78246.12,103840.97,92756.08,66671.25,149183.54,0.3265466836317352,0.1884598616118459,0.6613355432145072,0.5986936963780404
10.5,Region II - Cagayan Valley,2,46632.28,35241.17,31101.0,50435.5,72190.27,67037.0,56297.67,75295.0,0.15795802620342664,0.1258452303765251,0.57655611648891,0.567730783978407
10.5,Region III - Central Luzon,3,62987.74,57602.97,44166.58,73903.08,116215.75,111868.33,77845.0,147937.5,0.2971114973270186,0.2349897719285159,0.6465332530809836,0.6217027201265528
10.5,Region IVA - CALABARZON,4,61115.83,51306.42,37790.71,82771.96,92093.25,67113.42,48439.46,132723.5,0.2579291958752905,0.1260312794155655,0.6268293589665197,0.5678227851606259
10.5,Region IVB - MIMAROPA,17,27659.21,28007.33,21685.78,33515.67,52980.92,50116.67,41149.17,61500.42,0.11294313717156498,0.08465167977790586,0.5539191458619835,0.5473605881719129
10.5,Region IX - Zamboanga Peninsula,9,39543.29,33803.83,25990.17,52682.0,64241.71,46355.33,32003.33,63866.67,0.14901371715027423,0.07549447364725648,0.5720582255539562,0.5428323530668766
10.5,Region V- Bicol,5,32732.79,22491.74,20881.69,45587.92,55326.4,35956.17,30172.75,65622.71,0.07862060974557192,0.050177099598219775,0.5366591223032416,0.5303129207967577
10.5,Region VI - Western Visayas,6,37862.89,34818.58,26314.27,48111.29,73040.63,68096.67,43401.17,87842.29,0.15532832441903904,0.12842506007032178,0.57523369887707,0.5690065088248059
10.5,Region VII - Central Visayas,7,53027.18,46366.58,34808.43,61648.79,100489.22,90017.67,62399.46,128247.75,0.22718945744657884,0.18179303945797748,0.6113710390449127,0.5953969552448318
10.5,Region VIII - Eastern Visayas,8,42577.06,32581.81,28558.54,41117.72,78457.62,48257.22,42480.21,75194.17,0.14140930584248812,0.08012473806574053,0.5682341389214738,0.5451220171397648
10.5,Region X - Northern Mindanao,10,43159.99,34666.33,24202.0,46142.33,77052.92,62154.0,49150.0,88326.67,0.15438089997294943,0.1139572762070108,0.5747572605292562,0.5618521949601603
10.5,Region XI - Davao,11,68979.04,68979.04,46128.02,91830.06,132483.42,132483.42,93071.29,171895.54,0.3679027407978017,0.28517843568448814,0.682132569963837,0.6465209961216722
10.5,Region XII - SOCCSKSARGEN,12,30389.6,31266.33,24978.67,35072.17,51965.1,59031.5,39188.0,61635.42,0.13322330971544724,0.10635536408448196,0.5641175864237258,0.5580930521771426
10.5,Region XIII - Caraga,16,51119.58,42521.17,27180.67,62988.67,92713.34,77103.33,48421.67,106573.33,0.20326016063713717,0.15035230997824675,0.5993375363383987,0.5798495259386871
11.0,Bangsamoro Autonomous Region in Muslim Mindanao,19,30835.82,27989.67,23178.83,37943.17,48616.7,40794.33,33261.67,57199.0,0.11283324215863924,0.06195588811855098,0.553863882142953,0.5361375274411404
11.0,Cordillera Administrative Region,14,44750.02,38124.17,27315.08,54788.0,78118.17,64660.5,51268.25,88768.33,0.1758984181776557,0.12005949966101195,0.5855779342672172,0.5648697422413881
11.0,National Capital Region,13,88050.86,86971.04,69864.96,100497.35,158602.38,148535.33,111579.38,188087.5,0.4798637301839721,0.324257766098817,0.7384352218775733,0.6658457108150748
11.0,Region I - Ilocos Region,1,58438.43,52216.5,48588.83,65204.0,94293.05,76881.17,68990.08,108920.42,0.2635924605051574,0.14981144823376602,0.6296772867929787,0.5795820700025222
11.0,Region II - Cagayan Valley,2,54273.81,41786.59,33918.35,52509.74,78082.35,58294.83,45641.67,87470.71,0.1986890010337972,0.10456189711785158,0.5970388034547397,0.5572061834136628
11.0,Region III - Central Luzon,3,53287.94,46136.0,35708.67,64683.67,87031.83,76775.0,51745.83,105418.33,0.22575459945788032,0.1495529710488024,0.610649481381603,0.5794542531284556
11.0,Region IVA - CALABARZON,4,63309.92,60834.25,49996.17,68152.08,104494.61,89980.67,74715.88,123480.08,0.3172191732820955,0.18170296075548473,0.6566449490056067,0.5953524113591724
11.0,Region IVB - MIMAROPA,17,34565.86,40107.42,15631.44,43555.88,55689.67,55579.17,20187.92,75756.0,0.18823982725947663,0.09795046119321851,0.5917841500524504,0.5539368307506909
11.0,Region IX - Zamboanga Peninsula,9,38211.99,34846.0,27217.83,43039.5,60643.7,53205.0,45807.42,60570.83,0.15549895416164514,0.09217040300140289,0.5753195047194152,0.5510785940745797
11.0,Region V- Bicol,5,44804.2,35578.37,29493.69,47739.54,76206.49,68326.17,41566.75,87381.04,0.16005636133131776,0.12898379148172942,0.5776113218149056,0.5692828013047747
11.0,Region VI - Western Visayas,6,53048.14,51384.25,35313.67,62570.0,106296.88,98653.33,60659.33,141243.17,0.2584135180075674,0.20281706778144826,0.6270729136240589,0.6057933296133169
11.0,Region VII - Central Visayas,7,60144.75,48627.0,39802.58,58797.4,99547.19,84893.17,64513.33,115487.29,0.2412556457318327,0.16931713916273355,0.6184446073218607,0.5892276270809971
11.0,Region VIII - Eastern Visayas,8,39693.6,39365.5,30054.0,44381.0,73479.22,60800.0,38323.33,82181.67,0.1836229921524631,0.11066088260768203,0.5894624479899873,0.5602221295227845
11.0,Region X - Northern Mindanao,10,33406.22,26173.67,20517.33,34787.5,64768.48,49815.0,36470.0,63530.0,0.10153259983286747,0.08391724620544685,0.5481810444442344,0.5469974110371322
11.0,Region XI - Davao,11,33772.33,30214.0,23993.5,37040.0,63907.41,48714.17,30816.33,71219.17,0.1266748488461304,0.08123721004152581,0.5608245134085867,0.5456721341276591
11.0,Region XII - SOCCSKSARGEN,12,45241.76,36752.08,26864.26,54990.77,66653.9,45545.25,31686.67,108383.83,0.16736014817282743,0.07352228566576147,0.5812842311956121,0.5418571068264708
11.0,Region XIII - Caraga,16,41988.13,34423.0,27442.5,57275.71,76137.62,56080.0,38700.5,99746.5,0.15286670102078528,0.09916976164104116,0.5739958040880507,0.5545397743791997
11.5,Bangsamoro Autonomous Region in Muslim Mindanao,19,32141.22,31376.08,27143.92,34856.88,48069.92,47841.5,39660.83,56126.83,0.1339062642833181,0.07911264297924647,0.5644610288452205,0.5446215364871608
11.5,Cordillera Administrative Region,14,37311.75,38579.25,30342.92,45548.08,80123.12,83337.5,59081.67,104378.96,0.17873029940541574,0.16552976794362886,0.5870020233530833,0.5873547733890011
11.5,National Capital Region,13,100891.75,96542.17,79320.59,115903.98,168793.1,155107.75,124130.0,219551.71,0.5394231557255271,0.3402587138241497,0.7683863112957101,0.6737581736525324
11.5,Region I - Ilocos Region,1,49848.67,56114.33,44659.33,58170.83,92162.56,95904.17,73858.33,112337.58,0.28784795757380444,0.19612407411266636,0.6418748282396728,0.6024836466754911
11.5,Region II - Cagayan Valley,2,40140.35,34814.25,27216.54,45899.83,77947.08,61029.0,46096.67,79318.54,0.15530137960556403,0.11121839673932626,0.5752201489391651,0.5604978200583525
11.5,Region III - Central Luzon,3,52965.25,47432.0,45859.21,59173.5,99203.31,86105.83,76447.5,107204.25,0.23381937503838704,0.1722694321185401,0.6147050748053581,0.5906875348751537
11.5,Region IVA - CALABARZON,4,64032.03,60032.5,57313.0,72901.33,98649.07,96796.67,87226.5,106022.83,0.31223002681475653,0.19829691849036277,0.6541360199720452,0.6035581174309254
11.5,Region IVB - MIMAROPA,17,38981.28,39524.47,32899.35,47090.19,67738.3,73349.88,48455.0,96630.88,0.1846122339534146,0.14121431252226407,0.589959915340739,0.5753307895162956
11.5,Region IX - Zamboanga Peninsula,9,50575.71,40774.25,28612.5,58930.12,95451.96,73100.0,48835.96,98745.79,0.1923893907628326,0.1406059647876996,0.5938708717829771,0.57502996178255
11.5,Region V- Bicol,5,59189.16,42827.67,30825.65,51528.67,136111.72,82840.0,52890.17,100361.0,0.20516745517064436,0.1643185745790306,0.6002966716658531,0.5867558387102016
11.5,Region VI - Western Visayas,6,46517.19,45109.69,37074.21,50578.76,68670.64,69025.83,62090.83,79379.21,0.21936805638224002,0.1306871554002718,0.6074378331665304,0.570125114143707
11.5,Region VII - Central Visayas,7,43550.25,40729.58,29185.56,54149.85,73898.12,85688.17,40747.04,93688.25,0.192111417363773,0.17125261398656397,0.593731085241126,0.5901847186782746
11.5,Region VIII - Eastern Visayas,8,36173.34,28647.83,25750.0,39982.33,62328.55,42438.0,36483.33,59827.33,0.11692885380683857,0.06595750057601679,0.5559234727045107,0.5381163233476777
11.5,Region X - Northern Mindanao,10,40916.87,35719.41,22074.38,51477.21,73506.0,59194.58,41151.21,104158.83,0.16093402795776426,0.1067523920521175,0.5780526805313303,0.5582893823629087
11.5,Region XI - Davao,11,48424.83,47626.42,44964.67,51086.58,102216.25,106956.0,82181.83,126990.42,0.23502921583187633,0.22303041212807967,0.6153134764052397,0.615788821049755
11.5,Region XII - SOCCSKSARGEN,12,41787.21,37102.75,27337.17,50751.5,77495.94,59570.0,49258.83,77096.0,0.1695423046950622,0.10766637438968027,0.582381588406961,0.5587413462968079
11.5,Region XIII - Caraga,16,47450.9,34545.33,30741.24,39279.92,118914.39,54418.08,50458.21,66421.42,0.1536279386726089,0.09512371847221068,0.5743786133037359,0.5525390075020331
12.0,Bangsamoro Autonomous Region in Muslim Mindanao,19,35399.57,30323.0,25115.48,40776.41,58686.01,49423.33,40028.92,62440.75,0.12735313629850326,0.08296370227557306,0.5611656088431464,0.5465258839102067
12.0,Cordillera Administrative Region,14,43386.18,42397.67,38507.54,49602.42,74838.06,80219.17,75457.12,82760.96,0.20249164228513675,0.15793800793432689,0.5989510658230949,0.5836006508222862
12.0,National Capital Region,13,87138.59,81243.08,68133.17,94264.92,137397.43,117239.5,99402.33,167680.04,0.44421966233357146,0.24806620502224314,0.7205106254983045,0.62816901154108
12.0,Region I - Ilocos Region,1,70821.72,72050.67,56573.17,85684.75,271052.22,185440.83,141151.83,358146.92,0.3870169434338757,0.4141064027162673,0.6917446706028871,0.7102758289827802
12.0,Region II - Cagayan Valley,2,82623.06,53698.17,48751.17,102032.5,213419.11,152603.33,111834.17,284596.17,0.27281262719834365,0.33416155425396427,0.6343139003023732,0.6707431304600119
12.0,Region III - Central Luzon,3,85399.26,85302.67,63587.03,96869.08,151491.57,120947.5,97618.12,184014.83,0.4694817628728224,0.25709355174773135,0.7332143650871487,0.6326330312174386
12.0,Region IVA - CALABARZON,4,76413.03,73977.17,58386.25,98440.46,122717.02,114890.0,79806.75,163649.17,0.39900520744301626,0.2423462074139544,0.6977732977100355,0.6253404748017044
12.0,Region IVB - MIMAROPA,17,60622.62,40528.5,33605.5,88440.67,127298.64,76671.67,62138.58,180839.83,0.19086013258466164,0.149301408012895,0.5931018423972613,0.5793298552985855
12.0,Region IX - Zamboanga Peninsula,9,42246.62,32315.83,30771.33,52297.67,69348.43,47010.0,45421.33,106383.67,0.13975416000228505,0.07708830673268674,0.5674018034748299,0.5436205029486246
12.0,Region V- Bicol,5,49214.43,39121.33,31990.88,51768.88,89616.52,82609.08,53231.67,91444.79,0.18210356603094127,0.16375638609309484,0.5886983629234145,0.5864778367081346
12.0,Region VI - Western Visayas,6,62563.7,70729.67,37004.83,84033.83,88888.07,102116.67,68615.0,105043.33,0.37879659733676974,0.21124877517310206,0.6876108442812973,0.6099628058554744
12.0,Region VII - Central Visayas,7,55707.7,47392.83,33732.17,54681.17,118170.47,87725.0,85833.33,127072.33,0.23357562715297933,0.17621139786759854,0.6145824995010306,0.5926368355060516
12.0,Region VIII - Eastern Visayas,8,40924.0,43669.83,27624.25,54754.0,72293.13,76990.0,52416.0,90875.0,0.21040806582101443,0.150076401347071,0.6029320563554748,0.579713089220801
12.0,Region X - Northern Mindanao,10,44652.59,40724.5,33245.5,54694.75,77857.04,68521.83,45838.75,95448.33,0.1920798054348,0.12946013739874912,0.593715188316286,0.5695183541876971
12.0,Region XI - Davao,11,34521.94,35641.55,27525.71,42160.4,61877.18,66653.83,48282.52,77447.62,0.16044951914086747,0.12491238020262938,0.5778090319943137,0.5672694899062953
12.0,Region XII - SOCCSKSARGEN,12,34456.93,34485.25,30916.5,40616.88,52755.54,46253.92,39260.83,66100.5,0.15325407160711751,0.07524758496564057,0.5741906040036593,0.5427102667035056
12.0,Region XIII - Caraga,16,53071.06,38160.83,30625.02,86741.0,91129.8,77582.0,38977.92,140493.75,0.1761265467831969,0.1515176605869548,0.5856926549886021,0.5804257913913523
12.5,Bangsamoro Autonomous Region in Muslim Mindanao,19,23424.0,23424.0,23424.0,23424.0,42124.17,42124.17,42124.17,42124.17,0.08442189653776572,0.06519346275971152,0.5395764583566598,0.5377385069250693
12.5,Cordillera Administrative Region,14,68312.33,53746.33,52935.83,69639.5,137833.27,103515.0,80830.0,136234.17,0.2731123182415205,0.21465309279625522,0.6344646081567622,0.6116462396834254
12.5,National Capital Region,13,88876.89,82235.26,66169.12,90742.85,139372.12,145056.67,110763.12,156329.21,0.45039382053995036,0.3157887612552122,0.723615470161253,0.6616577909964768
12.5,Region I - Ilocos Region,1,96716.5,96716.5,77722.75,115710.25,156288.33,156288.33,128963.33,183613.33,0.5405079800518772,0.3431329061103354,0.7689318449388917,0.6751794606939335
12.5,Region II - Cagayan Valley,2,63496.75,63496.75,47326.21,79667.29,114006.67,114006.67,81001.67,147011.67,0.3337874332999189,0.24019568794711904,0.664976752625011,0.624277043706581
12.5,Region III - Central Luzon,3,63689.31,60963.96,54726.5,69926.77,106317.21,106947.42,86848.0,126416.62,0.31802633535041924,0.22300952360733944,0.6570508525727327,0.6157784916838371
12.5,Region IVA - CALABARZON,4,31912.67,31912.67,31912.67,31912.67,57576.67,57576.67,57576.67,57576.67,0.1372453676233984,0.10281349384806285,0.5661401884711871,0.5563415986319008
12.5,Region IVB - MIMAROPA,17,27070.33,27070.33,27070.33,27070.33,59163.33,59163.33,59163.33,59163.33,0.10711235420942394,0.10667631206690403,0.5509869768511358,0.5582517608378584
12.5,Region IX - Zamboanga Peninsula,9,41337.81,41343.17,22660.94,60020.04,64290.23,65928.08,41796.69,88421.62,0.1959296778949791,0.123145498626032,0.5956512021924237,0.566395767608529
12.5,Region V- Bicol,5,58116.67,41552.0,36867.67,71083.33,104711.11,68658.33,53419.17,137976.67,0.1972291895342362,0.12979245477416151,0.5963046972346173,0.5696826850091165
12.5,Region VI - Western Visayas,6,54136.6,64384.17,52758.21,65762.56,86211.46,96949.58,63592.92,119568.12,0.3393096888135403,0.19866918698761046,0.6677537701528727,0.6037422040675791
12.5,Region VII - Central Visayas,7,79572.75,65026.83,46120.86,96762.04,130157.42,106913.83,94209.04,156471.75,0.343308846741448,0.22292774675283322,0.6697648563177728,0.6157380530589911
12.5,Region VIII - Eastern Visayas,8,57979.88,38627.5,28742.79,58238.92,124575.33,71583.33,49125.08,155919.08,0.17903055050245234,0.1369135413901413,0.5871530128459044,0.5732040597538168
12.5,Region X - Northern Mindanao,10,31402.17,31402.17,29426.33,33378.0,59631.67,59631.67,53619.17,65644.17,0.13406861767444106,0.10781651367569992,0.5645426726974009,0.558815590119203
12.5,Region XI - Davao,11,41384.98,40480.67,23087.15,58778.5,117095.12,116306.67,58576.79,174825.0,0.1905624950723039,0.24579517485882962,0.5929521672171237,0.627045987950277
12.5,Region XII - SOCCSKSARGEN,12,33341.67,34334.58,25658.0,42928.92,59812.89,58535.42,34749.08,76914.75,0.15231647921767696,0.10514762779441178,0.5737191099749887,0.5574958270204414
12.5,Region XIII - Caraga,16,74958.17,74958.17,73129.75,76786.58,139857.33,139857.33,114327.17,165387.5,0.405109794514372,0.3031306585249802,0.7008431566210723,0.6553983637947297
13.0,Bangsamoro Autonomous Region in Muslim Mindanao,19,28684.93,23715.17,23139.75,36210.42,47972.23,40460.0,35421.25,60736.67,0.08623379523049421,0.06114194183194568,0.5404876212711619,0.5357350312980991
13.0,Cordillera Administrative Region,14,53854.61,54618.17,48346.83,59744.17,133362.56,108175.17,102840.92,151290.5,0.2785376222091972,0.22599855406640584,0.6371928709426933,0.61725656616001
13.0,National Capital Region,13,87382.53,84131.67,66933.05,92815.25,119486.05,100370.0,89863.92,134740.58,0.46219483987531207,0.2069964030843727,0.7295499361525675,0.6078600094023715
13.0,Region I - Ilocos Region,1,104033.5,92845.42,64672.58,132206.33,194409.0,172711.67,114166.88,252953.79,0.5164189434359914,0.3831165049697151,0.756818012692881,0.6949513358049171
13.0,Region II - Cagayan Valley,2,36281.0,36281.0,36281.0,36281.0,54432.33,54432.33,54432.33,54432.33,0.16442870181444386,0.09515841094546801,0.5798100730551318,0.552556162917456
13.0,Region III - Central Luzon,3,71468.42,64808.67,51914.12,84362.96,106646.29,92832.33,74462.21,125016.42,0.341951276185396,0.18864549677576675,0.6690821647581073,0.5987854928991628
13.0,Region IVA - CALABARZON,4,128316.49,139803.67,120283.92,142092.65,266458.97,266108.08,221429.88,311312.62,0.8086317118799186,0.6104956247070009,0.903765211682888,0.8073902279142084
13.0,Region IVB - MIMAROPA,17,47799.56,52616.92,41785.46,56222.33,67119.72,76292.5,59717.92,79107.92,0.26608420235542474,0.1483782960771066,0.630930327471019,0.5788733767816802
13.0,Region IX - Zamboanga Peninsula,9,54356.38,56455.08,47871.75,62939.71,94044.33,98500.0,83441.0,109103.33,0.2899683837150526,0.2024437767691993,0.642941142637161,0.6056087373433665
13.0,Region V- Bicol,5,42666.89,42569.67,33721.17,52645.92,78512.92,48673.33,43037.5,77046.33,0.20356196743933982,0.08113778263045004,0.5994893081601982,0.5456229673090015
13.0,Region VI - Western Visayas,6,62116.69,68278.83,61125.02,68606.25,118696.47,114998.33,99879.17,131150.38,0.3635454595406824,0.24260994324749596,0.6799413916681213,0.6254708920755825
13.0,Region VII - Central Visayas,7,113452.54,75752.0,54015.65,138047.67,218215.33,162468.17,107233.92,300602.17,0.41004965624205236,0.3581780944566249,0.7033273014725998,0.6826193008656563
13.0,Region VIII - Eastern Visayas,8,82160.66,40626.49,34968.5,64318.67,203799.77,113722.67,54031.67,173150.33,0.19146990678152417,0.23950427304149913,0.5934084840636145,0.6239351392869246
13.0,Region X - Northern Mindanao,10,33740.5,33740.5,28607.17,38873.83,79740.08,79740.08,69049.38,90430.79,0.14861962591762493,0.15677163481061757,0.5718600459771611,0.5830238797363243
13.0,Region XI - Davao,11,98003.06,98003.06,60418.7,135587.42,426097.75,426097.75,233029.12,619166.38,0.548514012205316,1.0,0.7729578976204243,1.0
13.0,Region XII - SOCCSKSARGEN,12,36345.39,36566.67,34294.83,38506.58,69404.89,56823.5,51224.42,81294.67,0.1662063749935205,0.10097985664923978,0.5807040247321102,0.5554348657031944
13.5,Bangsamoro Autonomous Region in Muslim Mindanao,19,54591.47,58669.92,48583.38,62638.79,79755.28,78939.17,74587.08,84515.42,0.30375093583444257,0.1548217717399836,0.6498720766947765,0.5820596731562293
13.5,National Capital Region,13,111659.16,96373.83,88736.0,122399.92,173742.33,156805.83,145063.58,173481.67,0.5383756060949542,0.3443927906654703,0.7678595222548499,0.6758024731487651
13.5,Region I - Ilocos Region,1,102913.94,109299.33,91950.25,117070.33,173034.67,171766.67,152912.83,192522.5,0.6188086745871143,0.3808158462168601,0.8083074950933891,0.6938136608873985
13.5,Region II - Cagayan Valley,2,47904.83,47904.83,47904.83,47904.83,85690.83,85690.83,85690.83,85690.83,0.23676171133293258,0.17125908991490535,0.616184709248687,0.5901879210224868
13.5,Region IVA - CALABARZON,4,74750.42,74750.42,74750.42,74750.42,108502.33,108502.33,108502.33,108502.33,0.403817003521432,0.2267950445612038,0.7001930412400653,0.6176504304203438
13.5,Region IVB - MIMAROPA,17,70798.17,70798.17,46647.83,94948.5,127600.67,127600.67,84475.33,170726.0,0.37922286055225174,0.27329109015485553,0.6878252024213645,0.6406427080756258
13.5,Region V- Bicol,5,55119.06,45216.33,44956.33,60330.42,110143.67,66622.67,61936.33,136590.5,0.22003165797784593,0.12483651932777332,0.6077715434155344,0.5672319767312373
13.5,Region VI - Western Visayas,6,87786.75,85431.0,54849.42,119546.21,197560.11,185246.67,122603.5,266360.0,0.47028033744862985,0.4136337086385379,0.7336159501983142,0.7100420819330602
13.5,Region VII - Central Visayas,7,33487.17,33487.17,33487.17,33487.17,80198.67,80198.67,80198.67,80198.67,0.14704319875882108,0.15788809946402685,0.5710672963768217,0.5835759711018532
13.5,Region VIII - Eastern Visayas,8,51983.17,51983.17,39058.67,64907.67,109481.08,109481.08,80047.62,138914.54,0.262140489759633,0.22917786969808934,0.6289471235109072,0.6188287365849166
13.5,Region X - Northern Mindanao,10,46633.54,46633.54,36422.52,56844.56,71223.33,71223.33,56960.0,85486.67,0.22885070165103258,0.13603709996048224,0.6122064412211518,0.5727706597852382
13.5,Region XI - Davao,11,77318.58,77318.58,59619.46,95017.71,205379.08,205379.08,147997.88,262760.29,0.4197982026378164,0.4626472592020994,0.7082296251962004,0.7342792648814199
13.5,Region XII - SOCCSKSARGEN,12,33896.0,33896.0,33197.0,34595.0,70913.58,70913.58,70111.62,71715.54,0.14958727453087245,0.13528299514704645,0.5723466546016935,0.5723977552289405
14.0,Bangsamoro Autonomous Region in Muslim Mindanao,19,48879.69,54023.72,44879.86,55451.53,76855.5,69076.5,67065.75,82755.75,0.2748384664654995,0.1308105145314963,0.6353326490979778,0.5701861151892844
14.0,Cordillera Administrative Region,14,44200.25,44200.25,38069.54,50330.96,119994.08,119994.08,94096.12,145892.04,0.21370877435759802,0.2547723940036604,0.6045919081022558,0.6314852195562105
14.0,National Capital Region,13,108162.17,108162.17,94277.92,122046.43,146678.25,146678.25,133658.71,159697.79,0.6117323318408728,0.3197365942927303,0.8047489622093171,0.6636099929993866
14.0,Region III - Central Luzon,3,109698.5,109698.5,103217.58,116179.42,194854.17,194854.17,166843.75,222864.58,0.6212926379115518,0.43702373929256383,0.8095566241265375,0.7216084435944989
14.0,Region IVA - CALABARZON,4,65186.42,65186.42,49509.96,80862.88,99620.0,99620.0,69310.0,129930.0,0.34430194669121117,0.20517048343924968,0.6702642638443909,0.6069570928011663
14.0,Region IX - Zamboanga Peninsula,9,47426.83,47426.83,47426.83,47426.83,74366.67,74366.67,74366.67,74366.67,0.2337872030555543,0.14368974830355025,0.6146888962420859,0.5765548916108815
14.0,Region VII - Central Visayas,7,53864.06,68815.0,43338.83,71864.75,77158.89,96236.67,59785.0,104071.67,0.36688194929608386,0.19693356515533758,0.6816192369814043,0.6028839397020255
14.0,Region VIII - Eastern Visayas,8,42183.0,42183.0,40872.5,43493.5,83040.0,83040.0,79740.0,86340.0,0.20115578937320203,0.16480548648439672,0.5982792955759672,0.586996616470523
14.0,Region XI - Davao,11,19051.42,19051.42,19051.42,19051.42,48353.33,48353.33,48353.33,48353.33,0.05721211535889838,0.08035872358186422,0.5258932741800832,0.5452377228924873
14.0,Region XII - SOCCSKSARGEN,12,30348.67,30348.67,28437.25,32260.08,43923.5,43923.5,40421.92,47425.08,0.12751287610494738,0.06957403875312379,0.5612459383826431,0.5399047001624648
14.0,Region XIII - Caraga,16,47209.15,36729.33,36309.68,52868.71,93822.61,99066.67,89102.25,101165.0,0.16721857900272208,0.20382336861626843,0.5812130392585825,0.6062909450105731
14.5,Bangsamoro Autonomous Region in Muslim Mindanao,19,36244.17,36244.17,36244.17,36244.17,64766.67,64766.67,64766.67,64766.67,0.16419951532938978,0.12031797684597556,0.5796948203500415,0.5649975591154548
14.5,National Capital Region,13,140154.61,122063.33,111633.33,159630.25,216248.89,209506.67,203876.67,225250.0,0.6982367575420432,0.47269612275945055,0.8482500834119158,0.7392484242600448
14.5,Region II - Cagayan Valley,2,39132.01,39132.01,39132.01,39132.01,55436.67,55436.67,55436.67,55436.67,0.1821700257556325,0.09760353646064515,0.5887317840173695,0.5537652765964619
14.5,Region IVA - CALABARZON,4,56525.75,56525.75,49199.29,63852.21,85351.83,85351.83,65988.17,104715.5,0.29040815045137547,0.17043377423530973,0.6431622913927603,0.5897798027187421
14.5,Region IVB - MIMAROPA,17,30961.71,30961.71,26162.4,35761.02,51707.92,51707.92,45611.46,57804.38,0.1313277140847883,0.08852567262497518,0.5631643342101885,0.54927627622747
14.5,Region IX - Zamboanga Peninsula,9,67448.01,67448.01,59728.43,75167.59,92536.5,92536.5,87884.92,97188.08,0.3583754156766419,0.18792528103094444,0.6773414934209575,0.5984293464749835
14.5,Region VI - Western Visayas,6,50123.5,50123.5,50123.5,50123.5,60133.33,60133.33,60133.33,60133.33,0.25056809685546566,0.1090378348079298,0.6231276285862508,0.5594195329754172
14.5,Region VII - Central Visayas,7,33599.5,33599.5,33599.5,33599.5,32671.67,32671.67,32671.67,32671.67,0.147742208204005,0.04218078883234435,0.571418812433373,0.5263587480278796
14.5,Region VIII - Eastern Visayas,8,46404.67,45506.0,41216.5,50694.17,82607.83,81292.92,79946.25,83954.5,0.22183422243957848,0.16055211622626134,0.6086780123561665,0.5848933264230116
14.5,Region X - Northern Mindanao,10,67770.35,64511.58,48532.71,83749.23,112523.12,91260.83,73220.21,130563.75,0.3401025383943368,0.18481958647935232,0.6681524762933979,0.5968935816474376
14.5,Region XI - Davao,11,56462.0,56462.0,56462.0,56462.0,74026.67,74026.67,74026.67,74026.67,0.29001144563404724,0.14286199806442781,0.6429627975032816,0.5761455694183351
14.5,Region XII - SOCCSKSARGEN,12,48482.79,48482.79,48482.79,48482.79,153952.0,153952.0,153952.0,153952.0,0.24035825276388137,0.33744497165101506,0.6179933286739906,0.6723667791700751
14.5,Region XIII - Caraga,16,44558.0,44558.0,44558.0,44558.0,58433.33,58433.33,58433.33,58433.33,0.21593498845013373,0.10489908361231765,0.6057114208702715,0.5573729220126854
15.0,Bangsamoro Autonomous Region in Muslim Mindanao,19,40232.23,39327.71,36882.33,42677.6,66890.75,68329.42,56694.17,78526.0,0.18338783175957163,0.12899170380019162,0.5893441911416202,0.5692867139433799
15.0,Cordillera Administrative Region,14,40602.83,40602.83,40602.83,40602.83,82093.33,82093.33,82093.33,82093.33,0.19132267484461465,0.16250076201713193,0.5933344444491037,0.5858569310587058
15.0,National Capital Region,13,76752.58,76752.58,75617.29,77887.88,122097.67,122097.67,121434.83,122760.5,0.4162760861420087,0.25989370907870624,0.7064584323892208,0.6340177080003828
15.0,Region IX - Zamboanga Peninsula,9,73037.67,73037.67,73037.67,73037.67,203163.33,203163.33,203163.33,203163.33,0.39315886742921524,0.4572528839305243,0.6948333054094044,0.7316117482692593
15.0,Region VI - Western Visayas,6,125776.5,125776.5,125776.5,125776.5,197924.67,197924.67,197924.67,197924.67,0.7213431485468812,0.4444990543196975,0.8598697653820428,0.7253049841598331
15.0,Region VII - Central Visayas,7,74316.83,67056.58,66118.0,78885.54,179154.44,197110.0,156845.67,210441.0,0.35593961698414367,0.4425156917099743,0.6761165852929788,0.724324212069828
15.0,Region VIII - Eastern Visayas,8,49453.0,49453.0,48611.5,50294.5,80555.42,80555.42,78730.62,82380.21,0.24639569560027288,0.1587566285752237,0.621029422266322,0.5840054584318265
15.0,Region X - Northern Mindanao,10,56803.5,56803.5,56803.5,56803.5,94758.33,94758.33,94758.33,94758.33,0.2921365388907935,0.1933344584244427,0.6440314588877047,0.6011041827310579
15.0,Region XI - Davao,11,45177.17,45177.17,45177.17,45177.17,73673.67,73673.67,73673.67,73673.67,0.21978797232064476,0.14200259855145655,0.607648999404366,0.5757205966713679
15.0,Region XII - SOCCSKSARGEN,12,54793.0,54793.0,54793.0,54793.0,89115.0,89115.0,89115.0,89115.0,0.2796255579458793,0.17959543560989322,0.6377399692438315,0.5943102409402853
15.0,Region XIII - Caraga,16,32739.0,32739.0,32739.0,32739.0,44418.33,44418.33,44418.33,44418.33,0.14238747102265775,0.07077873184378544,0.5687260360898998,0.5405004204581639
15.5,Region II - Cagayan Valley,2,67725.83,67725.83,67725.83,67725.83,115424.33,115424.33,115424.33,115424.33,0.36010423971350636,0.24364706560592586,0.6782108799680159,0.6259837487050671
15.5,Region III - Central Luzon,3,51658.56,51658.56,45280.78,58036.34,111474.58,111474.58,102153.96,120795.21,0.2601204999439013,0.23403116411482633,0.6279313162722613,0.6212286889109201
15.5,Region IVA - CALABARZON,4,44082.17,44082.17,44082.17,44082.17,82334.17,82334.17,82334.17,82334.17,0.2129739836935963,0.16308710133357382,0.6042223984792026,0.5861468756376849
15.5,Region V- Bicol,5,43087.64,43118.17,37443.92,48746.63,89903.06,82408.33,68062.92,107995.83,0.206975184573528,0.1632676482680836,0.6012057379386934,0.586236156031212
15.5,Region VII - Central Visayas,7,30181.67,30181.67,30181.67,30181.67,63723.67,63723.67,63723.67,63723.67,0.12647366505406418,0.11777873125949112,0.5607233426251068,0.5637419030953787
15.5,Region X - Northern Mindanao,10,56213.67,56213.67,56213.67,56213.67,82830.67,82830.67,82830.67,82830.67,0.28846613257856324,0.16429586013864525,0.6421856944825091,0.5867446064276827
15.5,Region XII - SOCCSKSARGEN,12,43244.08,43244.08,40194.62,46293.54,85067.25,85067.25,69346.96,100787.54,0.20775869992332865,0.16974094728516426,0.6015997501053484,0.5894372000435808
16.0,Bangsamoro Autonomous Region in Muslim Mindanao,19,28796.36,31795.83,25209.79,33882.67,54453.33,49853.33,39226.67,67380.0,0.13651829325702,0.08401056287211026,0.5657745591998665,0.5470435560948977
16.0,National Capital Region,13,138755.5,138755.5,120945.67,156565.33,240383.17,240383.17,235751.58,245014.75,0.8021091379445638,0.5478667999896386,0.9004851566219485,0.7764202968428618
16.0,Region VI - Western Visayas,6,78298.09,78298.09,74548.71,82047.47,124310.67,124310.67,119510.5,129110.83,0.42589351770638284,0.26528138931158257,0.7112948214265262,0.6366819139183391
16.0,Region X - Northern Mindanao,10,62625.0,62625.0,62625.0,62625.0,80199.33,80199.33,80199.33,80199.33,0.328362689386102,0.15788970627331458,0.6622487714775122,0.5835767656684623
16.0,Region XIII - Caraga,16,70512.12,70512.12,56649.94,84374.31,191772.67,191772.67,127313.17,256232.17,0.3774428227013227,0.42952164411063504,0.686930061604339,0.7178986602523472
16.5,Bangsamoro Autonomous Region in Muslim Mindanao,19,28625.67,28625.67,28625.67,28625.67,44916.67,44916.67,44916.67,44916.67,0.11679095610092494,0.07199197023838624,0.5558541270638699,0.5411003664035567
16.5,Region IVA - CALABARZON,4,55722.67,55722.67,55722.67,55722.67,65115.17,65115.17,65115.17,65115.17,0.2854107276325534,0.12116642084107604,0.6406492003690339,0.5654171143628147
16.5,Region IX - Zamboanga Peninsula,9,26375.5,26375.5,26375.5,26375.5,56900.0,56900.0,56900.0,56900.0,0.1027885517274768,0.1011661004530423,0.5488126342750342,0.5555269631965174
16.5,Region VIII - Eastern Visayas,8,38058.42,38058.42,35679.29,40437.54,65834.17,65834.17,64507.92,67160.42,0.1754892677189996,0.12291686914086733,0.5853721817459117,0.5662827104111702
16.5,Region XIII - Caraga,16,47991.08,47991.08,38008.62,57973.54,98514.17,98514.17,81381.25,115647.08,0.23729842961520012,0.20247827447769448,0.6164546127462169,0.6056257964476853
17.0,Region I - Ilocos Region,1,54756.33,54756.33,54756.33,54756.33,91097.5,91097.5,91097.5,91097.5,0.2793973671121315,0.18442194987183505,0.6376252172292874,0.5966969504894711
17.0,Region V- Bicol,5,39729.5,39729.5,39729.5,39729.5,100179.17,100179.17,100179.17,100179.17,0.18588809887414864,0.2065318160898676,0.5906015189824616,0.6076302713023609
17.0,Region X - Northern Mindanao,10,58581.92,58581.92,58581.92,58581.92,85083.08,85083.08,85083.08,85083.08,0.3032033276160132,0.169779486362474,0.649596696894398,0.5894562576033102
17.5,Bangsamoro Autonomous Region in Muslim Mindanao,19,40632.67,40632.67,40632.67,40632.67,83951.67,83951.67,83951.67,83951.67,0.19150836381322753,0.16702500136822246,0.5934278232359592,0.5880941657742841
17.5,Region III - Central Luzon,3,91188.17,91188.17,91188.17,91188.17,178228.33,178228.33,178228.33,178228.33,0.5061061738906251,0.3965471421290009,0.7516319538954132,0.70159278100119
17.5,Region IX - Zamboanga Peninsula,9,66057.0,66057.0,66057.0,66057.0,125380.0,125380.0,125380.0,125380.0,0.3497194099048513,0.2678847368504084,0.6729885836922711,0.6379692683305613
17.5,Region V- Bicol,5,63875.67,63875.67,63875.67,63875.67,101767.67,101767.67,101767.67,101767.67,0.3361453845059109,0.21039911389823815,0.6661625130109132,0.6095426486637135
18.0,Region III - Central Luzon,3,170556.33,170556.33,170556.33,170556.33,380000.0,380000.0,380000.0,380000.0,0.9999999999999999,0.8877722835720404,1.0,0.9445034349957232
18.0,Region IX - Zamboanga Peninsula,9,51389.83,51389.83,51389.83,51389.83,87279.17,87279.17,87279.17,87279.17,0.2584482413468723,0.1751259981937516,0.6270903752068556,0.5921001057616312
18.0,Region V- Bicol,5,48430.83,48430.83,48430.83,48430.83,73346.17,73346.17,73346.17,73346.17,0.24003491500218146,0.14120528030641952,0.6178307294191308,0.5753263230888416
18.0,Region VII - Central Visayas,7,62531.83,62531.83,62531.83,62531.83,177603.33,177603.33,177603.33,177603.33,0.32778290918483977,0.3950255424247317,0.6619572131138615,0.7008403505001857
18.5,Region VII - Central Visayas,7,41437.17,41437.17,41437.17,41437.17,99677.83,99677.83,99677.83,99677.83,0.1965146230373924,0.2053112740166863,0.5959453578882825,0.6070267136905633
19.5,Region I - Ilocos Region,1,127927.17,127927.17,127927.17,127927.17,308667.5,308667.5,308667.5,308667.5,0.7347263822642642,0.7141090661243897,0.8665998912374961,0.8586270370550954
19.5,Region IVA - CALABARZON,4,129979.0,129979.0,129979.0,129979.0,168472.67,168472.67,168472.67,168472.67,0.7474945523872203,0.3727964071354798,0.8730207155080698,0.6898480511749052
19.5,Region XIII - Caraga,16,62808.67,62808.67,62808.67,62808.67,145988.33,145988.33,145988.33,145988.33,0.32950563485745354,0.31805694298397924,0.6628235329313248,0.662779406037382
20.5,Region VI - Western Visayas,6,163955.25,163955.25,163955.25,163955.25,280202.33,280202.33,280202.33,280202.33,0.9589226629714728,0.6448089153180344,0.9793431353104309,0.8243581376562572
23.5,Bangsamoro Autonomous Region in Muslim Mindanao,19,23006.5,23006.5,23006.5,23006.5,63223.33,63223.33,63223.33,63223.33,0.08182386891055773,0.11656062374583667,0.5382699689628189,0.5631395493723826
